"Tipo <br />de <br />Valor","Clave  <br />de  <br />Pizarra","Valor <br />de <br />Mercado"
"00","Acciones no Susceptibles de Negociación en la BMV","17"
"1","Acciones Industriales Comerciales y de Servicios","4021355425"
"1ASP","Acciones cotizadas en el SIC (Tipo de Cambio Spot)","28784084754"
"1B","Acciones referidas a los Títulos Referenciados a Acciones","2328663452"
"1I","Títulos Referenciados a acciones Trac s Extranjeros (Tipo de cambio Fix)","116622818208"
"1ISP","Títulos Referenciados a acciones Tracs Extranjeras (Tipo de cambio Spot)","74679357156"
"2U","Certificados Bursátiles Segregables Udizados","17352898102"
"41","Acciones Bancarias","92130593"
"51","Acciones de Sociedades de Inversión de Instrumentos de Deuda (Fondos de Inversión)","27510113503"
"52","Acciones de Sociedades de Inversión de Renta Variable (Fondos de Inversión)","1263352061"
"56SP","Sociedades de Inversión de Deuda Extranjera (Tipo de Cambio Spot)","4102186342"
"91","Certificados Bursátiles Corporativos","3907876121"
"93","Certificados Bursátiles Referenciados a Papel Comercial","1199394326"
"94","Certificado Bursátiles Bancario","7619507863"
"95","Certificados Bursátiles emitidos por Entidades o Instituciones del Gobierno Federal","129193437"
"AIM","Aportaciones iniciales mínimas","344149948"
"BI","Cetes con Impuesto","131408755601"
"CD","Certificados Bursátiles de Banca de Desarrollo","450801710"
"CF","Fibras Certificados Inmobiliarios (CI)","50975858"
"CHCA","Cuenta de cheques en dólares canadienses","14774"
"CHD","Cuenta de cheques en dólares","403089867"
"CHDK","Cuenta de cheques en corona danesa","8155"
"CHL","Cuenta de cheques en libras","8724639"
"EAIM","Aportaciones extraordinarias","8761469"
"F","Certificados de Depósito (Tipo de Cambio Fix)","2008727639"
"FCSP","Futuros de Chicago Spot","6477085"
"FWDS","Forward Spot","-544685518"
"IM","Bonos de Protección al Ahorro (BPAG28)","2261635168"
"IQ","Bonos de Protección al Ahorro (BPAG91)","3854070721"
"IS","Bonos de Protección al Ahorro con Pago Semestral de interés (BPAT182)","3899248131"
"JI","Títulos de Organismos Financieros Multilaterales","2604308133"
"LF","BONDES F","438788059076"
"LG","BONDESG","17669271400"
"M","Bonos del Gob. Fed. Tasa Fija","50251050533"
"MS","Bonos MS","89328128"
"S","Udibonos","50515299596"
"SC","Componente representativo del Cupón Segregado proveniente de los Intereses de un Título de Bonos de Desarrollo del Gobierno Federal denominados en UDIs.","201657072"
"SP","Componente representativo del Cupón Segregado proveniente del Principal de un Título de Bonos de Desarrollo del Gobierno Federal denominados en UDIs.","2781835263"
"zzzTotal","-","996674495808"
