Date,Open,High,Low,Last,Close,Quantity,Turnover
2021-07-09,0.64,0.72,0.6,0.7,0.7,0,303670865
2021-07-08,0.72,0.85,0.62,0.64,0.64,0,598405680
2021-07-07,0.61,0.79,0.61,0.72,0.72,0,503459272
2021-07-06,0.55,0.63,0.55,0.61,0.61,0,149327989
2021-07-05,0.58,0.58,0.53,0.55,0.55,0,46720451
2021-07-04,0.56,0.6,0.54,0.58,0.58,0,47432938
2021-07-03,0.54,0.57,0.53,0.56,0.56,0,30737592
2021-07-02,0.55,0.56,0.51,0.54,0.54,0,31471121
2021-07-01,0.58,0.6,0.52,0.55,0.55,0,50710401
2021-06-30,0.55,0.58,0.51,0.58,0.58,0,54994687
2021-06-29,0.51,0.56,0.51,0.55,0.55,0,43836559
2021-06-28,0.49,0.52,0.48,0.51,0.51,0,34141119
2021-06-27,0.47,0.49,0.45,0.49,0.49,0,31258804
2021-06-26,0.47,0.49,0.44,0.47,0.47,0,36847295
2021-06-25,0.53,0.55,0.47,0.47,0.47,0,44687139
2021-06-24,0.5,0.55,0.47,0.53,0.53,0,49192644
2021-06-23,0.44,0.51,0.42,0.49,0.49,0,63859880
2021-06-22,0.46,0.51,0.37,0.44,0.44,0,86824353
2021-06-21,0.62,0.63,0.46,0.46,0.46,0,68706769
2021-06-20,0.63,0.64,0.58,0.62,0.62,0,43009422
2021-06-19,0.65,0.66,0.63,0.63,0.63,0,31617557
2021-06-18,0.69,0.69,0.62,0.65,0.65,0,46260884
2021-06-17,0.71,0.73,0.67,0.69,0.69,0,48515154
2021-06-16,0.71,0.76,0.69,0.71,0.71,0,92411095
2021-06-15,0.71,0.74,0.69,0.71,0.71,0,45665209
2021-06-14,0.69,0.72,0.68,0.7,0.7,0,51321953
2021-06-13,0.66,0.7,0.64,0.69,0.69,0,51869572
2021-06-12,0.69,0.69,0.63,0.66,0.66,0,74973188
2021-06-11,0.7,0.79,0.68,0.69,0.69,0,146561349
2021-06-10,0.74,0.74,0.68,0.7,0.7,0,62936142
2021-06-09,0.71,0.74,0.67,0.74,0.74,0,102177199
2021-06-08,0.74,0.76,0.63,0.71,0.71,0,104684975
2021-06-07,0.82,0.83,0.74,0.74,0.74,0,68154428
2021-06-06,0.82,0.83,0.8,0.82,0.82,0,50556306
2021-06-05,0.82,0.89,0.79,0.82,0.82,0,120065809
2021-06-04,0.89,0.9,0.77,0.82,0.82,0,131971870
2021-06-03,0.86,0.9,0.84,0.89,0.89,0,85097418
2021-06-02,0.83,0.87,0.81,0.86,0.86,0,81083447
2021-06-01,0.85,0.87,0.8,0.83,0.83,0,98158637
2021-05-31,0.78,0.86,0.74,0.85,0.85,0,97203994
2021-05-30,0.75,0.83,0.69,0.78,0.78,0,99117130
2021-05-29,0.81,0.84,0.7,0.75,0.75,0,107452062
2021-05-28,0.9,0.94,0.77,0.82,0.82,0,147717266
2021-05-27,1.01,1.01,0.86,0.9,0.9,0,204563425
2021-05-26,0.79,1.01,0.76,1.01,1.01,0,307774880
2021-05-25,0.78,0.85,0.72,0.79,0.79,0,168923072
2021-05-24,0.62,0.78,0.59,0.78,0.78,0,228589839
2021-05-23,0.76,0.8,0.49,0.62,0.62,0,207790644
2021-05-22,0.82,0.82,0.7,0.76,0.76,0,151567431
2021-05-21,0.96,1,0.7,0.82,0.82,0,219396168
2021-05-20,0.77,1.01,0.69,0.96,0.96,0,327249696
2021-05-19,1.13,1.16,0.51,0.78,0.78,0,462798751
2021-05-18,1.06,1.26,1.05,1.13,1.13,0,262083531
2021-05-17,1.18,1.18,1.01,1.06,1.06,0,238911304
2021-05-16,1.2,1.29,1.1,1.18,1.18,0,182180268
2021-05-15,1.29,1.31,1.2,1.2,1.2,0,175658205
2021-05-14,1.25,1.33,1.24,1.29,1.29,0,150062083
2021-05-13,1.23,1.32,1.16,1.26,1.26,0,238519450
2021-05-12,1.43,1.45,1.22,1.22,1.22,0,167997869
2021-05-11,1.33,1.43,1.31,1.43,1.43,0,191133488
2021-05-10,1.49,1.51,1.24,1.33,1.33,0,304912888
2021-05-09,1.44,1.52,1.36,1.49,1.49,0,234970457
2021-05-08,1.47,1.51,1.42,1.44,1.44,0,171379125
2021-05-07,1.57,1.6,1.42,1.46,1.46,0,410015344
2021-05-06,1.42,1.57,1.35,1.57,1.57,0,365456315
2021-05-05,1.27,1.42,1.26,1.42,1.42,0,233397383
2021-05-04,1.4,1.4,1.24,1.27,1.27,0,270875268
2021-05-03,1.41,1.48,1.39,1.41,1.41,0,191247107
2021-05-02,1.46,1.46,1.38,1.41,1.41,0,122967368
2021-05-01,1.49,1.5,1.42,1.46,1.46,0,155275354
2021-04-30,1.46,1.5,1.4,1.49,1.49,0,207746786
2021-04-29,1.55,1.55,1.37,1.46,1.46,0,379322747
2021-04-28,1.31,1.55,1.29,1.55,1.55,0,633120471
2021-04-27,1.23,1.33,1.21,1.31,1.31,0,198305019
2021-04-26,1.09,1.25,1.08,1.23,1.23,0,211992287
2021-04-25,1.1,1.18,1.03,1.09,1.09,0,194471002
2021-04-24,1.23,1.24,1.1,1.1,1.1,0,154562500
2021-04-23,1.25,1.27,0.99,1.23,1.23,0,463585685
2021-04-22,1.33,1.41,1.18,1.25,1.25,0,368753271
2021-04-21,1.41,1.46,1.3,1.34,1.34,0,365199745
2021-04-20,1.31,1.48,1.16,1.4,1.4,0,845876813
2021-04-19,1.35,1.41,1.17,1.32,1.32,0,489099151
2021-04-18,1.54,1.55,1.1,1.35,1.35,0,804297460
2021-04-17,1.31,1.63,1.25,1.53,1.53,0,1182123252
2021-04-16,1.24,1.34,1.12,1.31,1.31,0,658570995
2021-04-15,1.1,1.28,1.07,1.24,1.24,0,508399413
2021-04-14,1.12,1.12,1.02,1.1,1.1,0,239131039
2021-04-13,1.13,1.14,1.05,1.12,1.12,0,258608419
2021-04-12,1.07,1.2,1.03,1.13,1.13,0,494379244
2021-04-11,1.01,1.15,1,1.08,1.08,0,393604953
2021-04-10,1.03,1.04,0.97,1.01,1.01,0,203256567
2021-04-09,0.99,1.12,0.99,1.03,1.03,0,368581943
2021-04-08,0.93,1.01,0.91,0.99,0.99,0,230827953
2021-04-07,0.96,0.97,0.84,0.93,0.93,0,254944899
2021-04-06,1.01,1.01,0.92,0.96,0.96,0,241846048
2021-04-05,1.02,1.04,0.97,1.01,1.01,0,298860522
2021-04-04,0.96,1.03,0.94,1.02,1.02,0,206622602
2021-04-03,1.05,1.07,0.95,0.96,0.96,0,305875437
2021-04-02,1.02,1.09,1.01,1.05,1.05,0,290180007
2021-04-01,1.03,1.08,1.01,1.02,1.02,0,327874863
2021-03-31,1.09,1.09,1,1.03,1.03,0,359155453
2021-03-30,1.1,1.13,1.06,1.09,1.09,0,416710940
2021-03-29,1.15,1.18,1.06,1.09,1.09,0,663823609
2021-03-28,0.93,1.19,0.91,1.15,1.15,0,1111536303
2021-03-27,0.9,0.99,0.86,0.93,0.93,0,367611781
2021-03-26,0.82,0.92,0.82,0.9,0.9,0,227140451
2021-03-25,0.86,0.89,0.81,0.82,0.82,0,262039051
2021-03-24,0.85,1,0.83,0.86,0.86,0,459378050
2021-03-23,0.92,0.93,0.82,0.85,0.85,0,271730785
2021-03-22,0.99,0.99,0.89,0.92,0.92,0,281384502
2021-03-21,0.9,1.03,0.89,0.99,0.99,0,401572847
2021-03-20,0.97,1.02,0.89,0.89,0.89,0,352831670
2021-03-19,0.98,1.03,0.95,0.97,0.97,0,350589378
2021-03-18,1.06,1.08,0.97,0.98,0.98,0,638557936
2021-03-17,0.91,1.08,0.78,1.06,1.06,0,1376197953
2021-03-16,1.06,1.07,0.85,0.91,0.91,0,687165740
2021-03-15,1.02,1.14,0.94,1.06,1.06,0,1131133345
2021-03-14,0.97,1.19,0.88,1.02,1.02,0,2484601138
2021-03-13,0.66,1.17,0.62,0.97,0.97,0,2866387305
2021-03-12,0.52,0.68,0.52,0.66,0.66,0,783983805
2021-03-11,0.48,0.56,0.47,0.52,0.52,0,446042201
2021-03-10,0.55,0.56,0.48,0.48,0.48,0,394147148
2021-03-09,0.49,0.59,0.49,0.55,0.55,0,795651050
2021-03-08,0.4,0.5,0.4,0.49,0.49,0,595182439
2021-03-07,0.36,0.42,0.35,0.4,0.4,0,215706426
2021-03-06,0.38,0.38,0.34,0.36,0.36,0,158148063
2021-03-05,0.42,0.42,0.36,0.38,0.38,0,340705291
2021-03-04,0.35,0.45,0.34,0.42,0.42,0,705471090
2021-03-03,0.28,0.35,0.27,0.35,0.35,0,265363515
2021-03-02,0.26,0.29,0.25,0.28,0.28,0,91607745
2021-03-01,0.24,0.26,0.24,0.26,0.26,0,67199201
2021-02-28,0.25,0.26,0.22,0.24,0.24,0,81635945
2021-02-27,0.25,0.26,0.25,0.25,0.25,0,63823914
2021-02-26,0.26,0.27,0.22,0.25,0.25,0,99580319
2021-02-25,0.25,0.29,0.24,0.26,0.26,0,100994277
2021-02-24,0.23,0.26,0.22,0.25,0.25,0,86599338
2021-02-23,0.27,0.27,0.19,0.23,0.23,0,169807748
2021-02-22,0.31,0.33,0.24,0.27,0.27,0,176746023
2021-02-21,0.3,0.32,0.3,0.31,0.31,0,83360721
2021-02-20,0.33,0.33,0.29,0.3,0.3,0,114847415
2021-02-19,0.31,0.36,0.29,0.33,0.33,0,155841732
2021-02-18,0.3,0.32,0.29,0.31,0.31,0,138456896
2021-02-17,0.29,0.31,0.27,0.3,0.3,0,137174509
2021-02-16,0.3,0.32,0.27,0.29,0.29,0,165666303
2021-02-15,0.31,0.32,0.26,0.3,0.3,0,176905038
2021-02-14,0.34,0.36,0.3,0.31,0.31,0,208735625
2021-02-13,0.3,0.37,0.3,0.34,0.34,0,443456356
2021-02-12,0.28,0.31,0.28,0.3,0.3,0,204128009
2021-02-11,0.25,0.29,0.24,0.28,0.28,0,161416483
2021-02-10,0.24,0.26,0.23,0.25,0.25,0,135457135
2021-02-09,0.24,0.24,0.23,0.24,0.24,0,109852399
2021-02-08,0.24,0.25,0.23,0.24,0.24,0,140713026
2021-02-07,0.23,0.28,0.22,0.24,0.24,0,327306933
2021-02-06,0.22,0.27,0.19,0.23,0.23,0,295550665
2021-02-05,0.17,0.24,0.17,0.22,0.22,0,169656468
2021-02-04,0.18,0.18,0.16,0.17,0.17,0,66645460
2021-02-03,0.17,0.18,0.16,0.18,0.18,0,92017387
2021-02-02,0.16,0.17,0.15,0.17,0.17,0,58884505
2021-02-01,0.15,0.16,0.15,0.16,0.16,0,43257815
2021-01-31,0.16,0.16,0.15,0.15,0.15,0,45918670
2021-01-30,0.15,0.16,0.15,0.16,0.16,0,55274415
2021-01-29,0.16,0.16,0.15,0.15,0.15,0,67186092
2021-01-28,0.15,0.16,0.14,0.16,0.16,0,82167749
2021-01-27,0.17,0.17,0.14,0.15,0.15,0,71193454
2021-01-26,0.16,0.17,0.15,0.17,0.17,0,83441842
2021-01-25,0.17,0.18,0.16,0.16,0.16,0,95611619
2021-01-24,0.19,0.19,0.17,0.17,0.17,0,141266366
2021-01-23,0.16,0.2,0.16,0.19,0.19,0,366881837
2021-01-22,0.12,0.17,0.1,0.16,0.16,0,335176970
2021-01-21,0.14,0.14,0.12,0.12,0.12,0,86104039
2021-01-20,0.12,0.14,0.12,0.14,0.14,0,116995751
2021-01-19,0.12,0.13,0.11,0.12,0.12,0,88586434
2021-01-18,0.11,0.12,0.11,0.12,0.12,0,38874869
2021-01-17,0.11,0.12,0.1,0.11,0.11,0,52570767
2021-01-16,0.11,0.11,0.11,0.11,0.11,0,39386445
2021-01-15,0.11,0.11,0.1,0.11,0.11,0,42678140
2021-01-14,0.11,0.12,0.11,0.11,0.11,0,33336430
2021-01-13,0.11,0.12,0.1,0.11,0.11,0,48636851
2021-01-12,0.09,0.12,0.09,0.11,0.11,0,91536448
2021-01-11,0.11,0.11,0.08,0.09,0.09,0,49626336
2021-01-10,0.12,0.12,0.1,0.11,0.11,0,55973170
2021-01-09,0.13,0.13,0.11,0.12,0.12,0,58033274
2021-01-08,0.13,0.16,0.11,0.13,0.13,0,250069982
2021-01-07,0.09,0.13,0.09,0.13,0.13,0,162450888
2021-01-06,0.08,0.09,0.08,0.09,0.09,0,37278883
2021-01-05,0.08,0.08,0.08,0.08,0.08,0,41774563
2021-01-04,0.08,0.09,0.08,0.08,0.08,0,38456062
2021-01-03,0.08,0.08,0.08,0.08,0.08,0,30341187
2021-01-02,0.08,0.08,0.08,0.08,0.08,0,16686545
2021-01-01,0.08,0.08,0.08,0.08,0.08,0,24364980
2020-12-31,0.08,0.08,0.08,0.08,0.08,0,11243680
2020-12-30,0.08,0.08,0.08,0.08,0.08,0,11638670
2020-12-29,0.08,0.08,0.08,0.08,0.08,0,21590151
2020-12-28,0.08,0.09,0.08,0.08,0.08,0,23714391
2020-12-27,0.08,0.08,0.08,0.08,0.08,0,27843834
2020-12-26,0.08,0.08,0.08,0.08,0.08,0,17453977
2020-12-25,0.08,0.08,0.08,0.08,0.08,0,17262417
2020-12-24,0.07,0.08,0.07,0.08,0.08,0,26245653
2020-12-23,0.08,0.08,0.07,0.07,0.07,0,21783894
2020-12-22,0.08,0.09,0.08,0.08,0.08,0,16486199
2020-12-21,0.09,0.09,0.08,0.08,0.08,0,25882628
2020-12-20,0.09,0.1,0.09,0.09,0.09,0,24001836
2020-12-19,0.09,0.09,0.09,0.09,0.09,0,20976783
2020-12-18,0.09,0.09,0.09,0.09,0.09,0,15595727
2020-12-17,0.09,0.09,0.08,0.09,0.09,0,17156040
2020-12-16,0.09,0.09,0.08,0.09,0.09,0,15929343
2020-12-15,0.09,0.09,0.09,0.09,0.09,0,18141708
2020-12-14,0.09,0.09,0.08,0.09,0.09,0,10146055
2020-12-13,0.08,0.09,0.08,0.09,0.09,0,12729696
2020-12-12,0.08,0.08,0.08,0.08,0.08,0,13105230
2020-12-11,0.08,0.08,0.08,0.08,0.08,0,11852671
2020-12-10,0.08,0.08,0.08,0.08,0.08,0,17838299
2020-12-09,0.08,0.08,0.08,0.08,0.08,0,27473816
2020-12-08,0.09,0.09,0.08,0.08,0.08,0,13947756
2020-12-07,0.09,0.09,0.09,0.09,0.09,0,12079645
2020-12-06,0.09,0.09,0.09,0.09,0.09,0,13521524
2020-12-05,0.09,0.1,0.09,0.09,0.09,0,21194408
2020-12-04,0.09,0.09,0.09,0.09,0.09,0,13692794
2020-12-03,0.09,0.1,0.09,0.09,0.09,0,18148122
2020-12-02,0.09,0.1,0.09,0.09,0.09,0,25370135
2020-12-01,0.09,0.1,0.08,0.09,0.09,0,36435343
2020-11-30,0.08,0.09,0.08,0.09,0.09,0,17943066
2020-11-29,0.08,0.08,0.08,0.08,0.08,0,16450488
2020-11-28,0.08,0.09,0.08,0.08,0.08,0,20706620
2020-11-27,0.08,0.08,0.08,0.08,0.08,0,22066398
2020-11-26,0.09,0.1,0.08,0.08,0.08,0,40695640
2020-11-25,0.09,0.1,0.09,0.09,0.09,0,31068781
2020-11-24,0.09,0.1,0.09,0.09,0.09,0,39993407
2020-11-23,0.09,0.09,0.08,0.09,0.09,0,33201945
2020-11-22,0.09,0.09,0.08,0.09,0.09,0,19717325
2020-11-21,0.08,0.09,0.08,0.09,0.09,0,16092414
2020-11-20,0.08,0.08,0.08,0.08,0.08,0,14229214
2020-11-19,0.08,0.08,0.07,0.08,0.08,0,9182001
2020-11-18,0.08,0.08,0.08,0.08,0.08,0,12209953
2020-11-17,0.08,0.08,0.08,0.08,0.08,0,19906673
2020-11-16,0.08,0.08,0.08,0.08,0.08,0,16030384
2020-11-15,0.08,0.08,0.08,0.08,0.08,0,31731142
2020-11-14,0.08,0.08,0.08,0.08,0.08,0,44264392
2020-11-13,0.08,0.09,0.08,0.08,0.08,0,25134593
2020-11-12,0.08,0.08,0.08,0.08,0.08,0,34733056
2020-11-11,0.09,0.09,0.08,0.08,0.08,0,35386472
2020-11-10,0.1,0.11,0.09,0.09,0.09,0,78230602
2020-11-09,0.09,0.1,0.08,0.1,0.1,0,72140937
2020-11-08,0.07,0.09,0.07,0.09,0.09,0,35509314
2020-11-07,0.08,0.09,0.07,0.07,0.07,0,41829365
2020-11-06,0.07,0.09,0.07,0.08,0.08,0,69542618
2020-11-05,0.06,0.08,0.06,0.07,0.07,0,24447698
2020-11-04,0.06,0.06,0.06,0.06,0.06,0,13696213
2020-11-03,0.06,0.06,0.06,0.06,0.06,0,13616544
2020-11-02,0.06,0.07,0.06,0.06,0.06,0,10191280
2020-11-01,0.07,0.07,0.06,0.06,0.06,0,11498055
2020-10-31,0.06,0.07,0.06,0.07,0.07,0,14491367
2020-10-30,0.06,0.07,0.06,0.06,0.06,0,30106709
2020-10-29,0.07,0.07,0.06,0.06,0.06,0,8782925
2020-10-28,0.07,0.07,0.06,0.07,0.07,0,22280240
2020-10-27,0.07,0.07,0.07,0.07,0.07,0,42206886
2020-10-26,0.07,0.07,0.07,0.07,0.07,0,22408200
2020-10-25,0.07,0.08,0.07,0.07,0.07,0,11584082
2020-10-24,0.07,0.08,0.07,0.07,0.07,0,13370177
2020-10-23,0.08,0.08,0.07,0.07,0.07,0,13004329
2020-10-22,0.07,0.08,0.07,0.08,0.08,0,10423150
2020-10-21,0.07,0.07,0.07,0.07,0.07,0,12649991
2020-10-20,0.07,0.07,0.07,0.07,0.07,0,20017081
2020-10-19,0.08,0.08,0.07,0.07,0.07,0,11107813
2020-10-18,0.07,0.08,0.07,0.08,0.08,0,10901467
2020-10-17,0.07,0.08,0.07,0.07,0.07,0,9451566
2020-10-16,0.07,0.08,0.07,0.07,0.07,0,9676653
2020-10-15,0.08,0.08,0.07,0.07,0.07,0,7979945
2020-10-14,0.08,0.08,0.08,0.08,0.08,0,9133778
2020-10-13,0.08,0.08,0.08,0.08,0.08,0,22344783
2020-10-12,0.08,0.08,0.08,0.08,0.08,0,25581952
2020-10-11,0.08,0.08,0.08,0.08,0.08,0,26490357
2020-10-10,0.08,0.08,0.08,0.08,0.08,0,61492277
2020-10-09,0.07,0.08,0.07,0.08,0.08,0,37922703
2020-10-08,0.07,0.08,0.07,0.07,0.07,0,32968474
2020-10-07,0.07,0.07,0.07,0.07,0.07,0,33255456
2020-10-06,0.08,0.08,0.07,0.07,0.07,0,39379562
2020-10-05,0.08,0.08,0.07,0.08,0.08,0,29041877
2020-10-04,0.07,0.08,0.07,0.08,0.08,0,35072469
2020-10-03,0.07,0.08,0.07,0.07,0.07,0,41696724
2020-10-02,0.08,0.08,0.07,0.07,0.07,0,66870079
2020-10-01,0.08,0.09,0.07,0.08,0.08,0,69552213
2020-09-30,0.09,0.09,0.08,0.08,0.08,0,59779960
2020-09-29,0.08,0.09,0.08,0.09,0.09,0,72267963
2020-09-28,0.08,0.08,0.08,0.08,0.08,0,43267821
2020-09-27,0.08,0.08,0.08,0.08,0.08,0,47785158
2020-09-26,0.08,0.08,0.08,0.08,0.08,0,55852540
2020-09-25,0.08,0.08,0.07,0.08,0.08,0,55292176
2020-09-24,0.07,0.08,0.07,0.08,0.08,0,59489160
2020-09-23,0.07,0.08,0.07,0.07,0.07,0,71798227
2020-09-22,0.07,0.07,0.07,0.07,0.07,0,7619120
2020-09-21,0.08,0.08,0.07,0.07,0.07,0,8497724
2020-09-20,0.08,0.08,0.08,0.08,0.08,0,5242310
2020-09-19,0.08,0.08,0.08,0.08,0.08,0,5119693
2020-09-18,0.08,0.08,0.08,0.08,0.08,0,6227087
2020-09-17,0.08,0.08,0.08,0.08,0.08,0,6369326
2020-09-16,0.08,0.08,0.08,0.08,0.08,0,5423966
2020-09-15,0.08,0.08,0.08,0.08,0.08,0,6400294
2020-09-14,0.08,0.08,0.08,0.08,0.08,0,9416930
2020-09-13,0.09,0.09,0.08,0.08,0.08,0,10524547
2020-09-12,0.09,0.09,0.08,0.09,0.09,0,9263238
2020-09-11,0.08,0.09,0.08,0.09,0.09,0,13043231
2020-09-10,0.08,0.08,0.08,0.08,0.08,0,9959374
2020-09-09,0.07,0.08,0.07,0.08,0.08,0,10150920
2020-09-08,0.08,0.08,0.07,0.07,0.07,0,12781491
2020-09-07,0.08,0.08,0.07,0.08,0.08,0,25623159
2020-09-06,0.08,0.08,0.07,0.08,0.08,0,37722033
2020-09-05,0.09,0.09,0.07,0.08,0.08,0,56039022
2020-09-04,0.08,0.09,0.08,0.09,0.09,0,52366483
2020-09-03,0.1,0.1,0.08,0.08,0.08,0,51053790
2020-09-02,0.1,0.1,0.09,0.1,0.1,0,60876653
2020-09-01,0.1,0.1,0.1,0.1,0.1,0,67421709
2020-08-31,0.1,0.11,0.1,0.1,0.1,0,68749493
2020-08-30,0.11,0.11,0.1,0.1,0.1,0,84524022
2020-08-29,0.11,0.12,0.1,0.11,0.11,0,125382862
2020-08-28,0.09,0.11,0.09,0.11,0.11,0,118323409
2020-08-27,0.09,0.09,0.09,0.09,0.09,0,85888712
2020-08-26,0.09,0.09,0.08,0.09,0.09,0,44497046
2020-08-25,0.09,0.09,0.08,0.09,0.09,0,44211507
2020-08-24,0.09,0.1,0.09,0.09,0.09,0,31008257
2020-08-23,0.1,0.1,0.09,0.09,0.09,0,28804865
2020-08-22,0.09,0.11,0.09,0.1,0.1,0,65581583
2020-08-21,0.09,0.09,0.09,0.09,0.09,0,30260402
2020-08-20,0.08,0.09,0.08,0.09,0.09,0,19046277
2020-08-19,0.09,0.09,0.08,0.08,0.08,0,21903333
2020-08-18,0.1,0.1,0.09,0.09,0.09,0,26888340
2020-08-17,0.1,0.1,0.09,0.1,0.1,0,30790155
2020-08-16,0.1,0.1,0.09,0.1,0.1,0,28460471
2020-08-15,0.1,0.1,0.09,0.1,0.1,0,32702808
2020-08-14,0.09,0.1,0.09,0.1,0.1,0,37799347
2020-08-13,0.1,0.11,0.09,0.09,0.09,0,48365087
2020-08-12,0.09,0.1,0.09,0.1,0.1,0,70157576
2020-08-11,0.1,0.1,0.09,0.09,0.09,0,65449903
2020-08-10,0.1,0.11,0.09,0.1,0.1,0,112681376
2020-08-09,0.1,0.13,0.1,0.1,0.1,0,188170478
2020-08-08,0.07,0.1,0.07,0.1,0.1,0,114040093
2020-08-07,0.06,0.08,0.06,0.07,0.07,0,59714615
2020-08-06,0.05,0.06,0.05,0.06,0.06,0,37915854
2020-08-05,0.05,0.06,0.05,0.05,0.05,0,25489036
2020-08-04,0.05,0.05,0.04,0.05,0.05,0,10860057
2020-08-03,0.04,0.05,0.04,0.05,0.05,0,16417850
2020-08-02,0.05,0.05,0.04,0.04,0.04,0,16055040
2020-08-01,0.05,0.05,0.04,0.05,0.05,0,15020574
2020-07-31,0.05,0.05,0.04,0.05,0.05,0,15159429
2020-07-30,0.05,0.05,0.05,0.05,0.05,0,17876508
2020-07-29,0.04,0.05,0.04,0.05,0.05,0,38286569
2020-07-28,0.04,0.04,0.04,0.04,0.04,0,23092237
2020-07-27,0.04,0.04,0.04,0.04,0.04,0,24453965
2020-07-26,0.05,0.05,0.04,0.04,0.04,0,18014755
2020-07-25,0.05,0.05,0.05,0.05,0.05,0,17052812
2020-07-24,0.05,0.05,0.05,0.05,0.05,0,16455698
2020-07-23,0.05,0.05,0.05,0.05,0.05,0,21828443
2020-07-22,0.05,0.05,0.05,0.05,0.05,0,24369502
2020-07-21,0.04,0.05,0.04,0.05,0.05,0,62893472
2020-07-20,0.04,0.04,0.04,0.04,0.04,0,14544204
2020-07-19,0.04,0.04,0.04,0.04,0.04,0,12856047
2020-07-18,0.04,0.04,0.04,0.04,0.04,0,8187432
2020-07-17,0.04,0.04,0.04,0.04,0.04,0,8033137
2020-07-16,0.04,0.04,0.04,0.04,0.04,0,9431530
2020-07-15,0.04,0.04,0.04,0.04,0.04,0,11907681
2020-07-14,0.04,0.04,0.04,0.04,0.04,0,10862306
2020-07-13,0.04,0.04,0.04,0.04,0.04,0,14212363
2020-07-12,0.04,0.04,0.04,0.04,0.04,0,11675116
2020-07-11,0.04,0.04,0.04,0.04,0.04,0,10607753
2020-07-10,0.04,0.04,0.04,0.04,0.04,0,12469114
2020-07-09,0.04,0.04,0.04,0.04,0.04,0,13140575
2020-07-08,0.04,0.04,0.04,0.04,0.04,0,10552248
2020-07-07,0.04,0.04,0.04,0.04,0.04,0,11155648
2020-07-06,0.04,0.04,0.04,0.04,0.04,0,11468557
2020-07-05,0.04,0.04,0.04,0.04,0.04,0,11184260
2020-07-04,0.04,0.04,0.04,0.04,0.04,0,10856462
2020-07-03,0.04,0.04,0.04,0.04,0.04,0,8123621
2020-07-02,0.04,0.04,0.04,0.04,0.04,0,6386297
2020-07-01,0.04,0.04,0.04,0.04,0.04,0,10086849
2020-06-30,0.04,0.04,0.04,0.04,0.04,0,9342541
2020-06-29,0.04,0.04,0.04,0.04,0.04,0,10460314
2020-06-28,0.04,0.04,0.04,0.04,0.04,0,11327279
2020-06-27,0.04,0.04,0.04,0.04,0.04,0,10257075
2020-06-26,0.04,0.04,0.04,0.04,0.04,0,14289121
2020-06-25,0.04,0.04,0.04,0.04,0.04,0,11828469
2020-06-24,0.05,0.05,0.04,0.04,0.04,0,10140076
2020-06-23,0.05,0.05,0.04,0.05,0.05,0,13308872
2020-06-22,0.04,0.05,0.04,0.05,0.05,0,18769878
2020-06-21,0.04,0.04,0.04,0.04,0.04,0,18039712
2020-06-20,0.04,0.04,0.04,0.04,0.04,0,14704547
2020-06-19,0.04,0.04,0.04,0.04,0.04,0,15015417
2020-06-18,0.04,0.04,0.04,0.04,0.04,0,14344673
2020-06-17,0.04,0.04,0.04,0.04,0.04,0,13104368
2020-06-16,0.04,0.04,0.04,0.04,0.04,0,13629001
2020-06-15,0.04,0.04,0.04,0.04,0.04,0,14579731
2020-06-14,0.04,0.04,0.04,0.04,0.04,0,14974384
2020-06-13,0.04,0.04,0.04,0.04,0.04,0,14216967
2020-06-12,0.04,0.04,0.04,0.04,0.04,0,15521932
2020-06-11,0.04,0.05,0.04,0.04,0.04,0,21987800
2020-06-10,0.04,0.04,0.04,0.04,0.04,0,15989353
2020-06-09,0.04,0.04,0.04,0.04,0.04,0,13252971
2020-06-08,0.04,0.04,0.04,0.04,0.04,0,12249207
2020-06-07,0.04,0.04,0.04,0.04,0.04,0,13721083
2020-06-06,0.04,0.04,0.04,0.04,0.04,0,12928565
2020-06-05,0.04,0.04,0.04,0.04,0.04,0,19664737
2020-06-04,0.04,0.04,0.04,0.04,0.04,0,19539661
2020-06-03,0.04,0.04,0.04,0.04,0.04,0,17281886
2020-06-02,0.04,0.04,0.04,0.04,0.04,0,19518717
2020-06-01,0.04,0.04,0.04,0.04,0.04,0,17763623
2020-05-31,0.04,0.04,0.04,0.04,0.04,0,19443503
2020-05-30,0.04,0.04,0.04,0.04,0.04,0,18988813
2020-05-29,0.04,0.04,0.04,0.04,0.04,0,15376636
2020-05-28,0.04,0.04,0.04,0.04,0.04,0,19363617
2020-05-27,0.04,0.04,0.04,0.04,0.04,0,20479324
2020-05-26,0.04,0.04,0.04,0.04,0.04,0,25909042
2020-05-25,0.04,0.04,0.04,0.04,0.04,0,22931718
2020-05-24,0.04,0.04,0.04,0.04,0.04,0,18101274
2020-05-23,0.04,0.04,0.04,0.04,0.04,0,21677432
2020-05-22,0.04,0.04,0.04,0.04,0.04,0,27424873
2020-05-21,0.04,0.04,0.04,0.04,0.04,0,31525654
2020-05-20,0.04,0.04,0.04,0.04,0.04,0,24793277
2020-05-19,0.04,0.04,0.04,0.04,0.04,0,20734080
2020-05-18,0.04,0.04,0.04,0.04,0.04,0,25309804
2020-05-17,0.04,0.04,0.04,0.04,0.04,0,24195011
2020-05-16,0.04,0.04,0.04,0.04,0.04,0,22860876
2020-05-15,0.04,0.04,0.04,0.04,0.04,0,28575016
2020-05-14,0.04,0.04,0.04,0.04,0.04,0,31084115
2020-05-13,0.04,0.04,0.03,0.04,0.04,0,30503514
2020-05-12,0.03,0.04,0.03,0.04,0.04,0,31306663
2020-05-11,0.03,0.04,0.03,0.03,0.03,0,28516290
2020-05-10,0.04,0.04,0.03,0.03,0.03,0,16865757
2020-05-09,0.04,0.04,0.04,0.04,0.04,0,24852955
2020-05-08,0.04,0.04,0.04,0.04,0.04,0,33921285
2020-05-07,0.04,0.04,0.03,0.04,0.04,0,25325422
2020-05-06,0.03,0.04,0.03,0.04,0.04,0,21571448
2020-05-05,0.03,0.04,0.03,0.03,0.03,0,20172667
2020-05-04,0.03,0.04,0.03,0.03,0.03,0,18693566
2020-05-03,0.04,0.04,0.03,0.03,0.03,0,16629262
2020-05-02,0.03,0.04,0.03,0.04,0.04,0,35186183
2020-05-01,0.03,0.03,0.03,0.03,0.03,0,25955710
2020-04-30,0.03,0.03,0.03,0.03,0.03,0,24261284
2020-04-29,0.03,0.03,0.03,0.03,0.03,0,24239614
2020-04-28,0.03,0.03,0.03,0.03,0.03,0,23258433
2020-04-27,0.03,0.03,0.03,0.03,0.03,0,20472341
2020-04-26,0.03,0.03,0.03,0.03,0.03,0,16676941
2020-04-25,0.03,0.03,0.03,0.03,0.03,0,16127850
2020-04-24,0.03,0.03,0.03,0.03,0.03,0,14636478
2020-04-23,0.03,0.03,0.03,0.03,0.03,0,16857624
2020-04-22,0.03,0.03,0.03,0.03,0.03,0,22930243
2020-04-21,0.03,0.03,0.03,0.03,0.03,0,12758835
2020-04-20,0.03,0.03,0.03,0.03,0.03,0,19514640
2020-04-19,0.03,0.03,0.03,0.03,0.03,0,22708186
2020-04-18,0.03,0.03,0.03,0.03,0.03,0,28948775
2020-04-17,0.03,0.03,0.03,0.03,0.03,0,25940106
2020-04-16,0.03,0.03,0.03,0.03,0.03,0,19281723
2020-04-15,0.03,0.03,0.03,0.03,0.03,0,21730517
2020-04-14,0.03,0.03,0.03,0.03,0.03,0,16588851
2020-04-13,0.03,0.03,0.03,0.03,0.03,0,15799587
2020-04-12,0.03,0.03,0.03,0.03,0.03,0,17880578
2020-04-11,0.03,0.03,0.03,0.03,0.03,0,16965537
2020-04-10,0.03,0.03,0.03,0.03,0.03,0,16929834
2020-04-09,0.03,0.03,0.03,0.03,0.03,0,18156963
2020-04-08,0.03,0.03,0.03,0.03,0.03,0,17245590
2020-04-07,0.03,0.03,0.03,0.03,0.03,0,16383003
2020-04-06,0.03,0.03,0.03,0.03,0.03,0,16253652
2020-04-05,0.03,0.03,0.03,0.03,0.03,0,14506747
2020-04-04,0.03,0.03,0.03,0.03,0.03,0,12000065
2020-04-03,0.03,0.03,0.03,0.03,0.03,0,12501339
2020-04-02,0.03,0.03,0.03,0.03,0.03,0,14487372
2020-04-01,0.03,0.03,0.02,0.03,0.03,0,13342486
2020-03-31,0.02,0.03,0.02,0.03,0.03,0,12892875
2020-03-30,0.02,0.03,0.02,0.02,0.02,0,13237946
2020-03-29,0.02,0.02,0.02,0.02,0.02,0,10723274
2020-03-28,0.02,0.02,0.02,0.02,0.02,0,13617211
2020-03-27,0.03,0.03,0.02,0.02,0.02,0,9136626
2020-03-26,0.03,0.03,0.02,0.03,0.03,0,6204629
2020-03-25,0.03,0.03,0.03,0.03,0.03,0,12038347
2020-03-24,0.03,0.03,0.03,0.03,0.03,0,27599700
2020-03-23,0.02,0.03,0.02,0.03,0.03,0,13587544
2020-03-22,0.02,0.03,0.02,0.02,0.02,0,13066573
2020-03-21,0.02,0.03,0.02,0.02,0.02,0,12540723
2020-03-20,0.02,0.03,0.02,0.02,0.02,0,16943604
2020-03-19,0.02,0.03,0.02,0.02,0.02,0,19461988
2020-03-18,0.02,0.02,0.02,0.02,0.02,0,12140140
2020-03-17,0.02,0.02,0.02,0.02,0.02,0,12429193
2020-03-16,0.03,0.03,0.02,0.02,0.02,0,12006496
2020-03-15,0.02,0.03,0.02,0.03,0.03,0,13135825
2020-03-14,0.02,0.02,0.02,0.02,0.02,0,11031662
2020-03-13,0.02,0.02,0.01,0.02,0.02,0,16399711
2020-03-12,0.04,0.04,0.02,0.02,0.02,0,12823502
2020-03-11,0.04,0.04,0.03,0.04,0.04,0,13341506
2020-03-10,0.03,0.04,0.03,0.04,0.04,0,15767435
2020-03-09,0.04,0.04,0.03,0.03,0.03,0,14990627
2020-03-08,0.04,0.04,0.04,0.04,0.04,0,15525277
2020-03-07,0.05,0.05,0.04,0.04,0.04,0,18205019
2020-03-06,0.05,0.05,0.05,0.05,0.05,0,20348256
2020-03-05,0.05,0.05,0.05,0.05,0.05,0,20527797
2020-03-04,0.04,0.05,0.04,0.05,0.05,0,19784485
2020-03-03,0.04,0.04,0.04,0.04,0.04,0,15434752
2020-03-02,0.04,0.04,0.04,0.04,0.04,0,17065280
2020-03-01,0.04,0.04,0.04,0.04,0.04,0,10542549
2020-02-29,0.04,0.04,0.04,0.04,0.04,0,8488370
2020-02-28,0.04,0.04,0.04,0.04,0.04,0,13229956
2020-02-27,0.04,0.04,0.04,0.04,0.04,0,19724856
2020-02-26,0.04,0.04,0.04,0.04,0.04,0,21126817
2020-02-25,0.05,0.05,0.04,0.04,0.04,0,18035964
2020-02-24,0.06,0.06,0.05,0.05,0.05,0,21793004
2020-02-23,0.05,0.06,0.05,0.06,0.06,0,27645418
2020-02-22,0.05,0.06,0.05,0.05,0.05,0,20725210
2020-02-21,0.05,0.06,0.05,0.05,0.05,0,26319857
2020-02-20,0.06,0.06,0.05,0.05,0.05,0,38420004
2020-02-19,0.07,0.07,0.06,0.06,0.06,0,34537474
2020-02-18,0.06,0.07,0.06,0.07,0.07,0,36713301
2020-02-17,0.06,0.06,0.05,0.06,0.06,0,29005308
2020-02-16,0.06,0.07,0.05,0.06,0.06,0,32123494
2020-02-15,0.06,0.07,0.06,0.06,0.06,0,34561334
2020-02-14,0.06,0.06,0.06,0.06,0.06,0,27045339
2020-02-13,0.06,0.06,0.06,0.06,0.06,0,28406331
2020-02-12,0.06,0.07,0.06,0.06,0.06,0,32167485
2020-02-11,0.06,0.06,0.06,0.06,0.06,0,32357184
2020-02-10,0.07,0.07,0.06,0.06,0.06,0,37716032
2020-02-09,0.06,0.07,0.06,0.06,0.06,0,68828290
2020-02-08,0.05,0.06,0.05,0.06,0.06,0,47862712
2020-02-07,0.05,0.05,0.05,0.05,0.05,0,25539774
2020-02-06,0.04,0.05,0.04,0.05,0.05,0,19742894
2020-02-05,0.04,0.05,0.04,0.04,0.04,0,18538103
2020-02-04,0.04,0.04,0.04,0.04,0.04,0,16226608
2020-02-03,0.04,0.04,0.04,0.04,0.04,0,9186399
2020-02-02,0.04,0.04,0.04,0.04,0.04,0,10577732
2020-02-01,0.04,0.04,0.04,0.04,0.04,0,6717041
2020-01-31,0.04,0.04,0.03,0.04,0.04,0,8138270
2020-01-30,0.04,0.04,0.03,0.04,0.04,0,7959585
2020-01-29,0.04,0.04,0.04,0.04,0.04,0,7621818
2020-01-28,0.04,0.04,0.03,0.04,0.04,0,10038547
2020-01-27,0.04,0.04,0.03,0.04,0.04,0,10666245
2020-01-26,0.03,0.04,0.03,0.04,0.04,0,11712591
2020-01-25,0.03,0.03,0.03,0.03,0.03,0,8579382
2020-01-24,0.03,0.03,0.03,0.03,0.03,0,10450403
2020-01-23,0.03,0.03,0.03,0.03,0.03,0,10656584
2020-01-22,0.03,0.04,0.03,0.03,0.03,0,12842144
2020-01-21,0.03,0.04,0.03,0.03,0.03,0,11909825
2020-01-20,0.04,0.04,0.03,0.03,0.03,0,6413892
2020-01-19,0.04,0.04,0.03,0.04,0.04,0,10133131
2020-01-18,0.04,0.04,0.04,0.04,0.04,0,12123171
2020-01-17,0.04,0.04,0.04,0.04,0.04,0,17552781
2020-01-16,0.04,0.04,0.04,0.04,0.04,0,13723215
2020-01-15,0.03,0.04,0.03,0.04,0.04,0,16470760
2020-01-14,0.03,0.03,0.03,0.03,0.03,0,14024657
2020-01-13,0.03,0.03,0.03,0.03,0.03,0,11015404
2020-01-12,0.03,0.03,0.03,0.03,0.03,0,9814154
2020-01-11,0.03,0.03,0.03,0.03,0.03,0,10239218
2020-01-10,0.03,0.03,0.03,0.03,0.03,0,14248541
2020-01-09,0.03,0.03,0.03,0.03,0.03,0,16188004
2020-01-08,0.03,0.03,0.03,0.03,0.03,0,15354842
2020-01-07,0.04,0.04,0.03,0.03,0.03,0,15344356
2020-01-06,0.04,0.04,0.04,0.04,0.04,0,16522276
2020-01-05,0.04,0.04,0.04,0.04,0.04,0,16724340
2020-01-04,0.03,0.04,0.03,0.04,0.04,0,13379052
2020-01-03,0.03,0.03,0.03,0.03,0.03,0,14245273
2020-01-02,0.03,0.03,0.03,0.03,0.03,0,11059538
2020-01-01,0.03,0.03,0.03,0.03,0.03,0,7518915
2019-12-31,0.03,0.03,0.03,0.03,0.03,0,9102896
2019-12-30,0.03,0.03,0.03,0.03,0.03,0,9977545
2019-12-29,0.03,0.04,0.03,0.03,0.03,0,11337747
2019-12-28,0.03,0.04,0.03,0.03,0.03,0,16880462
2019-12-27,0.03,0.04,0.03,0.03,0.03,0,23669819
2019-12-26,0.03,0.03,0.03,0.03,0.03,0,19342736
2019-12-25,0.03,0.03,0.03,0.03,0.03,0,13098863
2019-12-24,0.03,0.03,0.03,0.03,0.03,0,11963751
2019-12-23,0.03,0.03,0.03,0.03,0.03,0,7521193
2019-12-22,0.03,0.03,0.03,0.03,0.03,0,8912715
2019-12-21,0.03,0.03,0.03,0.03,0.03,0,9816498
2019-12-20,0.03,0.03,0.03,0.03,0.03,0,16795798
2019-12-19,0.03,0.03,0.03,0.03,0.03,0,14998228
2019-12-18,0.03,0.03,0.02,0.03,0.03,0,15245239
2019-12-17,0.03,0.03,0.02,0.03,0.03,0,13087907
2019-12-16,0.03,0.03,0.03,0.03,0.03,0,9747535
2019-12-15,0.03,0.03,0.02,0.03,0.03,0,7363093
2019-12-14,0.03,0.03,0.03,0.03,0.03,0,4864797
2019-12-13,0.03,0.03,0.03,0.03,0.03,0,5445553
2019-12-12,0.03,0.03,0.03,0.03,0.03,0,7068596
2019-12-11,0.03,0.03,0.03,0.03,0.03,0,8403900
2019-12-10,0.03,0.03,0.02,0.03,0.03,0,12746646
2019-12-09,0.03,0.03,0.03,0.03,0.03,0,9849343
2019-12-08,0.03,0.03,0.02,0.03,0.03,0,6143633
2019-12-07,0.03,0.03,0.02,0.03,0.03,0,4031968
2019-12-06,0.02,0.03,0.02,0.03,0.03,0,6096036
2019-12-05,0.02,0.02,0.02,0.02,0.02,0,5376980
2019-12-04,0.02,0.03,0.02,0.02,0.02,0,4721154
2019-12-03,0.02,0.02,0.02,0.02,0.02,0,3242145
2019-12-02,0.02,0.02,0.02,0.02,0.02,0,2560101
2019-12-01,0.03,0.03,0.02,0.02,0.02,0,3181707
2019-11-30,0.03,0.03,0.02,0.03,0.03,0,4234334
2019-11-29,0.03,0.03,0.03,0.03,0.03,0,4281782
2019-11-28,0.02,0.03,0.02,0.03,0.03,0,6295947
2019-11-27,0.02,0.03,0.02,0.02,0.02,0,12599213
2019-11-26,0.02,0.02,0.02,0.02,0.02,0,2689403
2019-11-25,0.02,0.02,0.02,0.02,0.02,0,4288820
2019-11-24,0.02,0.02,0.02,0.02,0.02,0,4571578
2019-11-23,0.02,0.02,0.02,0.02,0.02,0,3930616
2019-11-22,0.03,0.03,0.02,0.02,0.02,0,3940782
2019-11-21,0.03,0.03,0.02,0.03,0.03,0,4674198
2019-11-20,0.03,0.03,0.03,0.03,0.03,0,4915283
2019-11-19,0.03,0.03,0.03,0.03,0.03,0,5108350
2019-11-18,0.03,0.03,0.03,0.03,0.03,0,5455688
2019-11-17,0.03,0.03,0.03,0.03,0.03,0,5364478
2019-11-16,0.03,0.03,0.03,0.03,0.03,0,4700026
2019-11-15,0.03,0.03,0.03,0.03,0.03,0,5059047
2019-11-14,0.03,0.03,0.03,0.03,0.03,0,4661900
2019-11-13,0.03,0.03,0.03,0.03,0.03,0,5413283
2019-11-12,0.03,0.03,0.03,0.03,0.03,0,4585751
2019-11-11,0.03,0.03,0.03,0.03,0.03,0,4791362
2019-11-10,0.03,0.03,0.03,0.03,0.03,0,5000215
2019-11-09,0.03,0.03,0.03,0.03,0.03,0,4120378
2019-11-08,0.03,0.03,0.03,0.03,0.03,0,4478753
2019-11-07,0.03,0.03,0.03,0.03,0.03,0,5012028
2019-11-06,0.03,0.03,0.03,0.03,0.03,0,4881277
2019-11-05,0.03,0.03,0.03,0.03,0.03,0,3972125
2019-11-04,0.03,0.03,0.03,0.03,0.03,0,4071685
2019-11-03,0.03,0.03,0.03,0.03,0.03,0,3582171
2019-11-02,0.03,0.03,0.03,0.03,0.03,0,3725263
2019-11-01,0.03,0.03,0.03,0.03,0.03,0,4640375
2019-10-31,0.03,0.03,0.03,0.03,0.03,0,5311301
2019-10-30,0.03,0.03,0.03,0.03,0.03,0,4915228
2019-10-29,0.03,0.03,0.03,0.03,0.03,0,4980831
2019-10-28,0.03,0.03,0.03,0.03,0.03,0,6394293
2019-10-27,0.03,0.03,0.03,0.03,0.03,0,7563402
2019-10-26,0.03,0.03,0.03,0.03,0.03,0,12228997
2019-10-25,0.03,0.03,0.03,0.03,0.03,0,4658901
2019-10-24,0.03,0.03,0.03,0.03,0.03,0,3287996
2019-10-23,0.03,0.03,0.03,0.03,0.03,0,5457536
2019-10-22,0.03,0.03,0.03,0.03,0.03,0,6397233
2019-10-21,0.03,0.03,0.03,0.03,0.03,0,6093147
2019-10-20,0.03,0.03,0.03,0.03,0.03,0,5448645
2019-10-19,0.03,0.03,0.03,0.03,0.03,0,5175001
2019-10-18,0.03,0.03,0.03,0.03,0.03,0,6006531
2019-10-17,0.03,0.03,0.03,0.03,0.03,0,6041994
2019-10-16,0.03,0.03,0.03,0.03,0.03,0,7967895
2019-10-15,0.03,0.03,0.03,0.03,0.03,0,8208477
2019-10-14,0.03,0.03,0.03,0.03,0.03,0,7034441
2019-10-13,0.03,0.03,0.03,0.03,0.03,0,5763186
2019-10-12,0.03,0.03,0.03,0.03,0.03,0,9068619
2019-10-11,0.03,0.03,0.03,0.03,0.03,0,5682654
2019-10-10,0.03,0.03,0.03,0.03,0.03,0,5995079
2019-10-09,0.03,0.03,0.03,0.03,0.03,0,7156939
2019-10-08,0.03,0.03,0.03,0.03,0.03,0,7095712
2019-10-07,0.03,0.03,0.03,0.03,0.03,0,4900225
2019-10-06,0.03,0.03,0.03,0.03,0.03,0,5541170
2019-10-05,0.03,0.03,0.03,0.03,0.03,0,6423483
2019-10-04,0.03,0.03,0.03,0.03,0.03,0,7240138
2019-10-03,0.03,0.03,0.03,0.03,0.03,0,7052122
2019-10-02,0.03,0.03,0.03,0.03,0.03,0,6053788
2019-10-01,0.03,0.03,0.03,0.03,0.03,0,8938857
2019-09-30,0.03,0.03,0.03,0.03,0.03,0,8065732
2019-09-29,0.03,0.03,0.03,0.03,0.03,0,7706425
2019-09-28,0.03,0.03,0.03,0.03,0.03,0,7201451
2019-09-27,0.03,0.03,0.03,0.03,0.03,0,8505891
2019-09-26,0.03,0.03,0.03,0.03,0.03,0,10372193
2019-09-25,0.03,0.03,0.03,0.03,0.03,0,8935665
2019-09-24,0.03,0.03,0.03,0.03,0.03,0,8606754
2019-09-23,0.03,0.03,0.03,0.03,0.03,0,7901974
2019-09-22,0.03,0.03,0.03,0.03,0.03,0,8128959
2019-09-21,0.03,0.03,0.03,0.03,0.03,0,8500993
2019-09-20,0.03,0.03,0.03,0.03,0.03,0,9170609
2019-09-19,0.03,0.03,0.03,0.03,0.03,0,9225020
2019-09-18,0.03,0.03,0.03,0.03,0.03,0,9004138
2019-09-17,0.03,0.03,0.03,0.03,0.03,0,8724156
2019-09-16,0.03,0.03,0.03,0.03,0.03,0,7572939
2019-09-15,0.03,0.03,0.03,0.03,0.03,0,7459562
2019-09-14,0.03,0.03,0.03,0.03,0.03,0,6952103
2019-09-13,0.03,0.03,0.03,0.03,0.03,0,7208460
2019-09-12,0.03,0.03,0.03,0.03,0.03,0,7756079
2019-09-11,0.03,0.03,0.03,0.03,0.03,0,5710404
2019-09-10,0.03,0.03,0.03,0.03,0.03,0,6061538
2019-09-09,0.03,0.03,0.03,0.03,0.03,0,6138249
2019-09-08,0.03,0.03,0.03,0.03,0.03,0,7105014
2019-09-07,0.03,0.03,0.03,0.03,0.03,0,7915951
2019-09-06,0.03,0.03,0.03,0.03,0.03,0,12167592
2019-09-05,0.03,0.04,0.03,0.03,0.03,0,13820308
2019-09-04,0.03,0.04,0.03,0.03,0.03,0,19685202
2019-09-03,0.03,0.03,0.03,0.03,0.03,0,9070571
2019-09-02,0.03,0.03,0.03,0.03,0.03,0,4977202
2019-09-01,0.03,0.03,0.03,0.03,0.03,0,5372481
2019-08-31,0.03,0.03,0.03,0.03,0.03,0,5657422
2019-08-30,0.03,0.03,0.03,0.03,0.03,0,4455848
2019-08-29,0.03,0.03,0.03,0.03,0.03,0,5249849
2019-08-28,0.04,0.04,0.03,0.03,0.03,0,5790461
2019-08-27,0.04,0.04,0.03,0.04,0.04,0,6035493
2019-08-26,0.04,0.04,0.03,0.04,0.04,0,5780596
2019-08-25,0.04,0.04,0.04,0.04,0.04,0,5847708
2019-08-24,0.03,0.04,0.03,0.04,0.04,0,8165592
2019-08-23,0.03,0.04,0.03,0.03,0.03,0,5634096
2019-08-22,0.03,0.03,0.03,0.03,0.03,0,4992441
2019-08-21,0.03,0.04,0.03,0.03,0.03,0,6824840
2019-08-20,0.04,0.04,0.03,0.03,0.03,0,5612189
2019-08-19,0.04,0.04,0.04,0.04,0.04,0,6105949
2019-08-18,0.04,0.04,0.04,0.04,0.04,0,5834073
2019-08-17,0.03,0.04,0.03,0.04,0.04,0,6119040
2019-08-16,0.04,0.04,0.03,0.03,0.03,0,6700101
2019-08-15,0.04,0.04,0.03,0.04,0.04,0,7614290
2019-08-14,0.04,0.04,0.04,0.04,0.04,0,7303977
2019-08-13,0.04,0.04,0.04,0.04,0.04,0,6206812
2019-08-12,0.04,0.04,0.04,0.04,0.04,0,5758033
2019-08-11,0.04,0.04,0.04,0.04,0.04,0,5901801
2019-08-10,0.04,0.04,0.04,0.04,0.04,0,8316669
2019-08-09,0.04,0.04,0.04,0.04,0.04,0,10164382
2019-08-08,0.04,0.04,0.04,0.04,0.04,0,9433219
2019-08-07,0.04,0.04,0.04,0.04,0.04,0,8237198
2019-08-06,0.04,0.04,0.04,0.04,0.04,0,8179922
2019-08-05,0.04,0.04,0.04,0.04,0.04,0,6447235
2019-08-04,0.04,0.04,0.04,0.04,0.04,0,4084955
2019-08-03,0.04,0.04,0.04,0.04,0.04,0,5547301
2019-08-02,0.04,0.04,0.04,0.04,0.04,0,5427967
2019-08-01,0.04,0.04,0.04,0.04,0.04,0,6936650
2019-07-31,0.04,0.04,0.04,0.04,0.04,0,6878089
2019-07-30,0.04,0.04,0.04,0.04,0.04,0,6266099
2019-07-29,0.04,0.04,0.04,0.04,0.04,0,7787808
2019-07-28,0.04,0.04,0.04,0.04,0.04,0,7158562
2019-07-27,0.04,0.04,0.04,0.04,0.04,0,7832399
2019-07-26,0.04,0.04,0.04,0.04,0.04,0,6491120
2019-07-25,0.04,0.04,0.04,0.04,0.04,0,6245827
2019-07-24,0.04,0.04,0.04,0.04,0.04,0,6546276
2019-07-23,0.05,0.05,0.04,0.04,0.04,0,7912393
2019-07-22,0.05,0.05,0.04,0.05,0.05,0,6848371
2019-07-21,0.05,0.05,0.05,0.05,0.05,0,6795758
2019-07-20,0.05,0.05,0.05,0.05,0.05,0,8706984
2019-07-19,0.04,0.05,0.04,0.05,0.05,0,13733506
2019-07-18,0.04,0.04,0.04,0.04,0.04,0,8132317
2019-07-17,0.04,0.04,0.04,0.04,0.04,0,8710081
2019-07-16,0.04,0.04,0.04,0.04,0.04,0,7618436
2019-07-15,0.04,0.04,0.04,0.04,0.04,0,8437561
2019-07-14,0.05,0.05,0.04,0.04,0.04,0,7633923
2019-07-13,0.05,0.05,0.04,0.05,0.05,0,3872248
2019-07-12,0.04,0.05,0.04,0.05,0.05,0,8310646
2019-07-11,0.05,0.05,0.04,0.04,0.04,0,8561080
2019-07-10,0.05,0.05,0.05,0.05,0.05,0,11361034
2019-07-09,0.05,0.06,0.05,0.05,0.05,0,10677890
2019-07-08,0.05,0.05,0.05,0.05,0.05,0,10050451
2019-07-07,0.05,0.05,0.05,0.05,0.05,0,9176329
2019-07-06,0.05,0.05,0.05,0.05,0.05,0,10729363
2019-07-05,0.06,0.06,0.05,0.05,0.05,0,22624092
2019-07-04,0.05,0.07,0.05,0.06,0.06,0,38742634
2019-07-03,0.05,0.06,0.05,0.05,0.05,0,21862126
2019-07-02,0.05,0.05,0.04,0.05,0.05,0,9279399
2019-07-01,0.05,0.05,0.05,0.05,0.05,0,10571486
2019-06-30,0.05,0.05,0.05,0.05,0.05,0,9242825
2019-06-29,0.05,0.05,0.05,0.05,0.05,0,11460416
2019-06-28,0.05,0.05,0.04,0.05,0.05,0,9325384
2019-06-27,0.05,0.05,0.04,0.05,0.05,0,11212750
2019-06-26,0.05,0.05,0.05,0.05,0.05,0,14542780
2019-06-25,0.05,0.06,0.05,0.05,0.05,0,12051718
2019-06-24,0.05,0.06,0.05,0.05,0.05,0,10111803
2019-06-23,0.06,0.06,0.05,0.05,0.05,0,12495176
2019-06-22,0.06,0.06,0.05,0.06,0.06,0,12236291
2019-06-21,0.06,0.06,0.06,0.06,0.06,0,10953347
2019-06-20,0.06,0.06,0.06,0.06,0.06,0,10064389
2019-06-19,0.06,0.06,0.06,0.06,0.06,0,9233940
2019-06-18,0.06,0.06,0.06,0.06,0.06,0,9562583
2019-06-17,0.06,0.06,0.06,0.06,0.06,0,8949883
2019-06-16,0.06,0.06,0.06,0.06,0.06,0,18759453
2019-06-15,0.06,0.06,0.06,0.06,0.06,0,18734763
2019-06-14,0.06,0.06,0.05,0.06,0.06,0,19152633
2019-06-13,0.06,0.06,0.05,0.05,0.05,0,15355840
2019-06-12,0.06,0.06,0.05,0.05,0.05,0,16587815
2019-06-11,0.06,0.06,0.06,0.06,0.06,0,17909804
2019-06-10,0.06,0.06,0.06,0.06,0.06,0,20819570
2019-06-09,0.06,0.06,0.06,0.06,0.06,0,20655266
2019-06-08,0.06,0.06,0.06,0.06,0.06,0,18451361
2019-06-07,0.06,0.06,0.06,0.06,0.06,0,18803875
2019-06-06,0.05,0.06,0.05,0.06,0.06,0,18639201
2019-06-05,0.05,0.05,0.05,0.05,0.05,0,17032267
2019-06-04,0.05,0.05,0.05,0.05,0.05,0,17635351
2019-06-03,0.06,0.06,0.05,0.05,0.05,0,18532864
2019-06-02,0.06,0.06,0.06,0.06,0.06,0,22052535
2019-06-01,0.06,0.06,0.06,0.06,0.06,0,22019949
2019-05-31,0.06,0.06,0.05,0.06,0.06,0,25158638
2019-05-30,0.06,0.06,0.06,0.06,0.06,0,21145900
2019-05-29,0.06,0.07,0.06,0.06,0.06,0,29906792
2019-05-28,0.06,0.07,0.06,0.06,0.06,0,19992592
2019-05-27,0.06,0.06,0.06,0.06,0.06,0,20455793
2019-05-26,0.06,0.06,0.06,0.06,0.06,0,22124660
2019-05-25,0.06,0.06,0.06,0.06,0.06,0,18984630
2019-05-24,0.06,0.07,0.06,0.06,0.06,0,25201432
2019-05-23,0.06,0.06,0.05,0.06,0.06,0,21422655
2019-05-22,0.06,0.06,0.05,0.06,0.06,0,18078875
2019-05-21,0.05,0.06,0.05,0.06,0.06,0,42044172
2019-05-20,0.06,0.06,0.05,0.05,0.05,0,11488692
2019-05-19,0.05,0.06,0.05,0.06,0.06,0,11695169
2019-05-18,0.05,0.06,0.05,0.05,0.05,0,13094685
2019-05-17,0.06,0.06,0.05,0.05,0.05,0,15765416
2019-05-16,0.06,0.06,0.05,0.06,0.06,0,18648749
2019-05-15,0.05,0.06,0.05,0.06,0.06,0,19848318
2019-05-14,0.05,0.05,0.05,0.05,0.05,0,14242265
2019-05-13,0.05,0.05,0.05,0.05,0.05,0,15321610
2019-05-12,0.05,0.05,0.05,0.05,0.05,0,13379956
2019-05-11,0.05,0.05,0.05,0.05,0.05,0,15599263
2019-05-10,0.05,0.05,0.04,0.05,0.05,0,15230758
2019-05-09,0.05,0.05,0.04,0.05,0.05,0,14618024
2019-05-08,0.05,0.05,0.05,0.05,0.05,0,12306213
2019-05-07,0.05,0.06,0.05,0.05,0.05,0,11974795
2019-05-06,0.05,0.06,0.05,0.05,0.05,0,7548625
2019-05-05,0.05,0.05,0.05,0.05,0.05,0,13008768
2019-05-04,0.05,0.05,0.05,0.05,0.05,0,7354032
2019-05-03,0.05,0.05,0.05,0.05,0.05,0,7580340
2019-05-02,0.05,0.05,0.05,0.05,0.05,0,7507994
2019-05-01,0.05,0.05,0.05,0.05,0.05,0,7585642
2019-04-30,0.05,0.05,0.05,0.05,0.05,0,8735042
2019-04-29,0.05,0.05,0.05,0.05,0.05,0,7346188
2019-04-28,0.05,0.05,0.05,0.05,0.05,0,7429036
2019-04-27,0.05,0.05,0.05,0.05,0.05,0,7364930
2019-04-26,0.05,0.05,0.05,0.05,0.05,0,8629787
2019-04-25,0.05,0.05,0.05,0.05,0.05,0,8233709
2019-04-24,0.06,0.06,0.05,0.05,0.05,0,10048014
2019-04-23,0.06,0.06,0.05,0.06,0.06,0,6460713
2019-04-22,0.06,0.06,0.05,0.06,0.06,0,5974720
2019-04-21,0.06,0.06,0.05,0.06,0.06,0,5496942
2019-04-20,0.06,0.06,0.06,0.06,0.06,0,7065966
2019-04-19,0.06,0.06,0.06,0.06,0.06,0,8676974
2019-04-18,0.06,0.06,0.05,0.06,0.06,0,6445962
2019-04-17,0.06,0.06,0.05,0.06,0.06,0,7002305
2019-04-16,0.05,0.06,0.05,0.06,0.06,0,9163259
2019-04-15,0.06,0.06,0.05,0.05,0.05,0,6629622
2019-04-14,0.06,0.06,0.05,0.06,0.06,0,7681576
2019-04-13,0.05,0.06,0.05,0.06,0.06,0,6791911
2019-04-12,0.05,0.05,0.05,0.05,0.05,0,5799023
2019-04-11,0.06,0.06,0.05,0.05,0.05,0,6992865
2019-04-10,0.06,0.06,0.06,0.06,0.06,0,8649778
2019-04-09,0.06,0.06,0.06,0.06,0.06,0,11148788
2019-04-08,0.06,0.06,0.06,0.06,0.06,0,5866874
2019-04-07,0.06,0.06,0.06,0.06,0.06,0,7081075
2019-04-06,0.06,0.06,0.06,0.06,0.06,0,3399883
2019-04-05,0.06,0.06,0.06,0.06,0.06,0,3841260
2019-04-04,0.06,0.06,0.06,0.06,0.06,0,4381627
2019-04-03,0.06,0.06,0.06,0.06,0.06,0,8374454
2019-04-02,0.06,0.06,0.05,0.06,0.06,0,10626058
2019-04-01,0.06,0.06,0.06,0.06,0.06,0,6107028
2019-03-31,0.06,0.06,0.05,0.06,0.06,0,13881097
2019-03-30,0.06,0.06,0.06,0.06,0.06,0,21772084
2019-03-29,0.07,0.07,0.06,0.06,0.06,0,98713572
2019-03-28,0.05,0.08,0.05,0.07,0.07,0,120530489
2019-03-27,0.05,0.05,0.05,0.05,0.05,0,3168754
2019-03-26,0.05,0.05,0.05,0.05,0.05,0,2901987
2019-03-25,0.05,0.05,0.05,0.05,0.05,0,3384829
2019-03-24,0.05,0.05,0.05,0.05,0.05,0,5220619
2019-03-23,0.05,0.05,0.05,0.05,0.05,0,2295634
2019-03-22,0.05,0.05,0.05,0.05,0.05,0,2765268
2019-03-21,0.05,0.05,0.05,0.05,0.05,0,2847705
2019-03-20,0.05,0.05,0.05,0.05,0.05,0,2867254
2019-03-19,0.05,0.05,0.05,0.05,0.05,0,2892788
2019-03-18,0.05,0.05,0.05,0.05,0.05,0,4542225
2019-03-17,0.05,0.05,0.05,0.05,0.05,0,2695284
2019-03-16,0.05,0.05,0.05,0.05,0.05,0,2238361
2019-03-15,0.05,0.05,0.05,0.05,0.05,0,3140564
2019-03-14,0.05,0.05,0.05,0.05,0.05,0,2806305
2019-03-13,0.05,0.05,0.05,0.05,0.05,0,2393180
2019-03-12,0.04,0.05,0.04,0.05,0.05,0,2711497
2019-03-11,0.05,0.05,0.04,0.04,0.04,0,3162328
2019-03-10,0.05,0.05,0.05,0.05,0.05,0,3213151
2019-03-09,0.04,0.05,0.04,0.05,0.05,0,10519554
2019-03-08,0.04,0.05,0.04,0.05,0.05,0,13560293
2019-03-07,0.04,0.04,0.04,0.04,0.04,0,2536932
2019-03-06,0.04,0.04,0.04,0.04,0.04,0,2452502
2019-03-05,0.04,0.04,0.04,0.04,0.04,0,3487523
2019-03-04,0.04,0.04,0.04,0.04,0.04,0,3166266
2019-03-03,0.04,0.04,0.04,0.04,0.04,0,2544800
2019-03-02,0.04,0.04,0.04,0.04,0.04,0,4325396
2019-03-01,0.04,0.05,0.04,0.04,0.04,0,5605860
2019-02-28,0.04,0.04,0.04,0.04,0.04,0,7355346
2019-02-27,0.05,0.05,0.04,0.04,0.04,0,17867199
2019-02-26,0.04,0.06,0.04,0.05,0.05,0,32528044
2019-02-25,0.04,0.04,0.04,0.04,0.04,0,1704504
2019-02-24,0.04,0.04,0.04,0.04,0.04,0,2296980
2019-02-23,0.04,0.04,0.04,0.04,0.04,0,2056285
2019-02-22,0.04,0.04,0.04,0.04,0.04,0,1238491
2019-02-21,0.04,0.04,0.04,0.04,0.04,0,1628645
2019-02-20,0.04,0.04,0.04,0.04,0.04,0,1549778
2019-02-19,0.04,0.04,0.04,0.04,0.04,0,2201277
2019-02-18,0.04,0.04,0.04,0.04,0.04,0,2057740
2019-02-17,0.04,0.04,0.04,0.04,0.04,0,2180910
2019-02-16,0.03,0.04,0.03,0.04,0.04,0,3195915
2019-02-15,0.03,0.04,0.03,0.03,0.03,0,1333716
2019-02-14,0.03,0.04,0.03,0.03,0.03,0,1830432
2019-02-13,0.03,0.04,0.03,0.03,0.03,0,1722455
2019-02-12,0.03,0.04,0.03,0.04,0.04,0,1693130
2019-02-11,0.03,0.04,0.03,0.03,0.03,0,1634592
2019-02-10,0.03,0.04,0.03,0.03,0.03,0,1244188
2019-02-09,0.04,0.04,0.03,0.03,0.03,0,1239386
2019-02-08,0.03,0.04,0.03,0.04,0.04,0,1913214
2019-02-07,0.03,0.03,0.03,0.03,0.03,0,920000
2019-02-06,0.04,0.04,0.03,0.03,0.03,0,2250483
2019-02-05,0.03,0.04,0.03,0.03,0.03,0,1842135
2019-02-04,0.03,0.03,0.03,0.03,0.03,0,997220
2019-02-03,0.03,0.04,0.03,0.03,0.03,0,1315105
2019-02-02,0.03,0.04,0.03,0.04,0.04,0,1008128
2019-02-01,0.03,0.04,0.03,0.03,0.03,0,1047722
2019-01-31,0.04,0.04,0.03,0.03,0.03,0,1248411
2019-01-30,0.03,0.04,0.03,0.04,0.04,0,1395372
2019-01-29,0.04,0.04,0.03,0.03,0.03,0,1803281
2019-01-28,0.04,0.04,0.03,0.04,0.04,0,2460952
2019-01-27,0.04,0.04,0.04,0.04,0.04,0,2316775
2019-01-26,0.04,0.04,0.04,0.04,0.04,0,3605168
2019-01-25,0.04,0.04,0.04,0.04,0.04,0,1867433
2019-01-24,0.04,0.04,0.04,0.04,0.04,0,1874377
2019-01-23,0.04,0.04,0.04,0.04,0.04,0,2139736
2019-01-22,0.04,0.04,0.04,0.04,0.04,0,2573012
2019-01-21,0.04,0.04,0.04,0.04,0.04,0,1885303
2019-01-20,0.04,0.04,0.04,0.04,0.04,0,2113452
2019-01-19,0.04,0.04,0.04,0.04,0.04,0,1955026
2019-01-18,0.04,0.04,0.04,0.04,0.04,0,2287180
2019-01-17,0.04,0.04,0.04,0.04,0.04,0,3476512
2019-01-16,0.04,0.04,0.04,0.04,0.04,0,3414714
2019-01-15,0.04,0.04,0.04,0.04,0.04,0,2537097
2019-01-14,0.04,0.04,0.04,0.04,0.04,0,2138129
2019-01-13,0.04,0.04,0.04,0.04,0.04,0,2901442
2019-01-12,0.04,0.04,0.04,0.04,0.04,0,2049907
2019-01-11,0.04,0.04,0.04,0.04,0.04,0,2087975
2019-01-10,0.05,0.05,0.04,0.04,0.04,0,3614002
2019-01-09,0.05,0.05,0.04,0.05,0.05,0,2347018
2019-01-08,0.05,0.05,0.04,0.05,0.05,0,2070780
2019-01-07,0.05,0.05,0.04,0.05,0.05,0,1896650
2019-01-06,0.05,0.05,0.04,0.05,0.05,0,2071111
2019-01-05,0.05,0.05,0.05,0.05,0.05,0,2600855
2019-01-04,0.04,0.05,0.04,0.05,0.05,0,2147433
2019-01-03,0.05,0.05,0.04,0.04,0.04,0,1905546
2019-01-02,0.05,0.05,0.04,0.05,0.05,0,2705957
2019-01-01,0.05,0.05,0.04,0.05,0.05,0,2433291
2018-12-31,0.05,0.05,0.05,0.05,0.05,0,1961467
2018-12-30,0.05,0.05,0.05,0.05,0.05,0,2512916
2018-12-29,0.05,0.05,0.05,0.05,0.05,0,3076091
2018-12-28,0.05,0.05,0.05,0.05,0.05,0,5546172
2018-12-27,0.05,0.05,0.04,0.05,0.05,0,2287961
2018-12-26,0.05,0.05,0.05,0.05,0.05,0,2126919
2018-12-25,0.06,0.06,0.05,0.05,0.05,0,2558309
2018-12-24,0.06,0.06,0.05,0.06,0.06,0,5444153
2018-12-23,0.06,0.06,0.06,0.06,0.06,0,3756953
2018-12-22,0.05,0.06,0.05,0.06,0.06,0,3838520
2018-12-21,0.05,0.06,0.05,0.05,0.05,0,4859334
2018-12-20,0.05,0.06,0.05,0.05,0.05,0,4590954
2018-12-19,0.05,0.05,0.05,0.05,0.05,0,4482321
2018-12-18,0.05,0.05,0.05,0.05,0.05,0,4062315
2018-12-17,0.05,0.05,0.05,0.05,0.05,0,3091926
2018-12-16,0.04,0.05,0.04,0.05,0.05,0,2349640
2018-12-15,0.04,0.04,0.04,0.04,0.04,0,2212610
2018-12-14,0.05,0.05,0.04,0.04,0.04,0,2777406
2018-12-13,0.05,0.05,0.05,0.05,0.05,0,2941396
2018-12-12,0.05,0.05,0.05,0.05,0.05,0,2831988
2018-12-11,0.06,0.06,0.05,0.05,0.05,0,5231296
2018-12-10,0.06,0.06,0.06,0.06,0.06,0,15076812
2018-12-09,0.06,0.06,0.06,0.06,0.06,0,8979963
2018-12-08,0.06,0.06,0.05,0.06,0.06,0,8561630
2018-12-07,0.05,0.06,0.05,0.06,0.06,0,12108310
2018-12-06,0.06,0.06,0.05,0.05,0.05,0,8328731
2018-12-05,0.07,0.07,0.06,0.06,0.06,0,7558526
2018-12-04,0.07,0.07,0.06,0.07,0.07,0,8649669
2018-12-03,0.06,0.07,0.06,0.07,0.07,0,14189134
2018-12-02,0.06,0.07,0.06,0.06,0.06,0,3694950
2018-12-01,0.06,0.07,0.06,0.06,0.06,0,3812489
2018-11-30,0.06,0.07,0.06,0.06,0.06,0,3684870
2018-11-29,0.06,0.06,0.06,0.06,0.06,0,2610241
2018-11-28,0.05,0.06,0.05,0.06,0.06,0,3138200
2018-11-27,0.05,0.05,0.05,0.05,0.05,0,2458290
2018-11-26,0.05,0.06,0.05,0.05,0.05,0,2810670
2018-11-25,0.05,0.06,0.05,0.05,0.05,0,3132770
2018-11-24,0.06,0.06,0.05,0.05,0.05,0,2980230
2018-11-23,0.06,0.06,0.06,0.06,0.06,0,3427060
2018-11-22,0.07,0.07,0.06,0.06,0.06,0,4112340
2018-11-21,0.06,0.07,0.06,0.07,0.07,0,3248580
2018-11-20,0.07,0.07,0.06,0.06,0.06,0,4259860
2018-11-19,0.09,0.09,0.07,0.07,0.07,0,5702080
2018-11-18,0.08,0.09,0.08,0.09,0.09,0,4001340
2018-11-17,0.09,0.09,0.08,0.08,0.08,0,3755420
2018-11-16,0.09,0.09,0.08,0.09,0.09,0,5387580
2018-11-15,0.09,0.09,0.08,0.09,0.09,0,6569820
2018-11-14,0.1,0.1,0.08,0.09,0.09,0,8445350
2018-11-13,0.1,0.11,0.1,0.1,0.1,0,12232900
2018-11-12,0.09,0.1,0.09,0.1,0.1,0,7666150
2018-11-11,0.1,0.1,0.09,0.09,0.09,0,9107400
2018-11-10,0.08,0.1,0.08,0.09,0.09,0,8235700
2018-11-09,0.09,0.09,0.08,0.08,0.08,0,7494810
2018-11-08,0.08,0.09,0.08,0.09,0.09,0,12694900
2018-11-07,0.08,0.08,0.08,0.08,0.08,0,4058900
2018-11-06,0.08,0.08,0.08,0.08,0.08,0,4317430
2018-11-05,0.08,0.08,0.08,0.08,0.08,0,3091500
2018-11-04,0.08,0.08,0.08,0.08,0.08,0,3245460
2018-11-03,0.08,0.08,0.08,0.08,0.08,0,2618550
2018-11-02,0.08,0.08,0.08,0.08,0.08,0,4385270
2018-11-01,0.07,0.08,0.07,0.08,0.08,0,3877910
2018-10-31,0.07,0.08,0.07,0.07,0.07,0,2383350
2018-10-30,0.07,0.07,0.07,0.07,0.07,0,3193930
2018-10-29,0.08,0.08,0.07,0.07,0.07,0,3460950
2018-10-28,0.08,0.08,0.08,0.08,0.08,0,4478670
2018-10-27,0.07,0.08,0.07,0.08,0.08,0,4659250
2018-10-26,0.07,0.07,0.07,0.07,0.07,0,3517640
2018-10-25,0.07,0.07,0.07,0.07,0.07,0,3095690
2018-10-24,0.07,0.07,0.07,0.07,0.07,0,2977860
2018-10-23,0.07,0.08,0.07,0.07,0.07,0,5841370
2018-10-22,0.07,0.07,0.07,0.07,0.07,0,3099970
2018-10-21,0.07,0.07,0.07,0.07,0.07,0,2836720
2018-10-20,0.07,0.07,0.07,0.07,0.07,0,2353920
2018-10-19,0.07,0.07,0.07,0.07,0.07,0,2575720
2018-10-18,0.07,0.07,0.07,0.07,0.07,0,2538310
2018-10-17,0.07,0.07,0.07,0.07,0.07,0,2636070
2018-10-16,0.07,0.07,0.07,0.07,0.07,0,2395710
2018-10-15,0.07,0.08,0.07,0.07,0.07,0,3742730
2018-10-14,0.07,0.07,0.07,0.07,0.07,0,2973910
2018-10-13,0.07,0.07,0.07,0.07,0.07,0,2596350
2018-10-12,0.07,0.07,0.07,0.07,0.07,0,3894070
2018-10-11,0.07,0.07,0.06,0.07,0.07,0,5664040
2018-10-10,0.08,0.08,0.07,0.07,0.07,0,2800500
2018-10-09,0.08,0.08,0.07,0.08,0.08,0,2984570
2018-10-08,0.08,0.08,0.07,0.08,0.08,0,2790230
2018-10-07,0.08,0.08,0.07,0.08,0.08,0,2866200
2018-10-06,0.08,0.08,0.08,0.08,0.08,0,3238450
2018-10-05,0.08,0.08,0.08,0.08,0.08,0,6377030
2018-10-04,0.07,0.08,0.07,0.08,0.08,0,3304300
2018-10-03,0.07,0.07,0.07,0.07,0.07,0,2738520
2018-10-02,0.07,0.08,0.07,0.07,0.07,0,2349260
2018-10-01,0.08,0.08,0.07,0.07,0.07,0,2514400
2018-09-30,0.07,0.08,0.07,0.08,0.08,0,2637310
2018-09-29,0.08,0.08,0.07,0.08,0.08,0,2951660
2018-09-28,0.08,0.08,0.08,0.08,0.08,0,3376100
2018-09-27,0.07,0.08,0.07,0.08,0.08,0,3169990
2018-09-26,0.07,0.08,0.07,0.07,0.07,0,3403170
2018-09-25,0.08,0.08,0.07,0.07,0.07,0,3415660
2018-09-24,0.08,0.08,0.07,0.08,0.08,0,2777520
2018-09-23,0.08,0.08,0.08,0.08,0.08,0,3819710
2018-09-22,0.08,0.08,0.07,0.08,0.08,0,3515220
2018-09-21,0.08,0.08,0.08,0.08,0.08,0,5192240
2018-09-20,0.07,0.08,0.07,0.08,0.08,0,5817390
2018-09-19,0.07,0.07,0.07,0.07,0.07,0,4442840
2018-09-18,0.07,0.07,0.06,0.07,0.07,0,4094490
2018-09-17,0.07,0.07,0.06,0.07,0.07,0,4161970
2018-09-16,0.07,0.07,0.07,0.07,0.07,0,3575670
2018-09-15,0.07,0.07,0.07,0.07,0.07,0,4021270
2018-09-14,0.07,0.07,0.06,0.07,0.07,0,4262990
2018-09-13,0.06,0.07,0.06,0.07,0.07,0,5931720
2018-09-12,0.06,0.06,0.05,0.06,0.06,0,3393780
2018-09-11,0.06,0.06,0.06,0.06,0.06,0,2949200
2018-09-10,0.06,0.06,0.06,0.06,0.06,0,3543240
2018-09-09,0.06,0.07,0.05,0.06,0.06,0,3317690
2018-09-08,0.06,0.07,0.06,0.06,0.06,0,2737360
2018-09-07,0.06,0.06,0.06,0.06,0.06,0,2764750
2018-09-06,0.06,0.06,0.06,0.06,0.06,0,3279760
2018-09-05,0.08,0.08,0.06,0.06,0.06,0,4399520
2018-09-04,0.08,0.08,0.08,0.08,0.08,0,3783670
2018-09-03,0.08,0.08,0.08,0.08,0.08,0,3605510
2018-09-02,0.08,0.08,0.08,0.08,0.08,0,4061830
2018-09-01,0.08,0.08,0.08,0.08,0.08,0,4241180
2018-08-31,0.08,0.08,0.08,0.08,0.08,0,3682890
2018-08-30,0.08,0.08,0.07,0.08,0.08,0,4817710
2018-08-29,0.08,0.09,0.07,0.08,0.08,0,8374070
2018-08-28,0.07,0.08,0.07,0.07,0.07,0,3634730
2018-08-27,0.07,0.07,0.07,0.07,0.07,0,3372990
2018-08-26,0.07,0.07,0.07,0.07,0.07,0,2725460
2018-08-25,0.07,0.07,0.07,0.07,0.07,0,2816820
2018-08-24,0.07,0.07,0.07,0.07,0.07,0,2776090
2018-08-23,0.06,0.07,0.06,0.07,0.07,0,2790890
2018-08-22,0.07,0.07,0.06,0.06,0.06,0,3392560
2018-08-21,0.07,0.07,0.07,0.07,0.07,0,3417190
2018-08-20,0.07,0.07,0.07,0.07,0.07,0,3569490
2018-08-19,0.07,0.08,0.07,0.07,0.07,0,5291850
2018-08-18,0.08,0.08,0.07,0.07,0.07,0,5356060
2018-08-17,0.07,0.08,0.07,0.08,0.08,0,6239520
2018-08-16,0.07,0.07,0.07,0.07,0.07,0,5102580
2018-08-15,0.06,0.07,0.06,0.07,0.07,0,4240380
2018-08-14,0.07,0.07,0.06,0.06,0.06,0,5203270
2018-08-13,0.08,0.08,0.07,0.07,0.07,0,5183540
2018-08-12,0.08,0.08,0.08,0.08,0.08,0,4638420
2018-08-11,0.08,0.08,0.08,0.08,0.08,0,5169030
2018-08-10,0.09,0.09,0.08,0.08,0.08,0,4409330
2018-08-09,0.08,0.09,0.08,0.09,0.09,0,5947320
2018-08-08,0.09,0.09,0.08,0.08,0.08,0,5457340
2018-08-07,0.09,0.1,0.09,0.09,0.09,0,5251750
2018-08-06,0.1,0.1,0.09,0.09,0.09,0,4956250
2018-08-05,0.09,0.1,0.09,0.1,0.1,0,6380270
2018-08-04,0.1,0.1,0.09,0.09,0.09,0,4972650
2018-08-03,0.1,0.1,0.09,0.1,0.1,0,6234460
2018-08-02,0.11,0.11,0.1,0.1,0.1,0,5837000
2018-08-01,0.11,0.11,0.1,0.11,0.11,0,6341940
2018-07-31,0.13,0.13,0.11,0.11,0.11,0,7081660
2018-07-30,0.13,0.13,0.12,0.13,0.13,0,9174010
2018-07-29,0.13,0.14,0.13,0.13,0.13,0,8569080
2018-07-28,0.13,0.13,0.13,0.13,0.13,0,7894200
2018-07-27,0.13,0.13,0.12,0.13,0.13,0,8510840
2018-07-26,0.14,0.14,0.13,0.13,0.13,0,9328030
2018-07-25,0.13,0.14,0.13,0.14,0.14,0,9470790
2018-07-24,0.13,0.14,0.12,0.13,0.13,0,10963300
2018-07-23,0.14,0.14,0.13,0.13,0.13,0,10249400
2018-07-22,0.13,0.14,0.13,0.14,0.14,0,15844900
2018-07-21,0.12,0.13,0.12,0.13,0.13,0,8913940
2018-07-20,0.12,0.13,0.11,0.12,0.12,0,13356100
2018-07-19,0.12,0.12,0.11,0.12,0.12,0,7585710
2018-07-18,0.12,0.13,0.11,0.12,0.12,0,11043700
2018-07-17,0.1,0.13,0.1,0.12,0.12,0,18475100
2018-07-16,0.1,0.1,0.09,0.1,0.1,0,5968150
2018-07-15,0.09,0.1,0.09,0.1,0.1,0,5338540
2018-07-14,0.09,0.1,0.09,0.09,0.09,0,4451190
2018-07-13,0.09,0.09,0.09,0.09,0.09,0,5428020
2018-07-12,0.1,0.1,0.09,0.09,0.09,0,6812280
2018-07-11,0.09,0.1,0.09,0.1,0.1,0,7010900
2018-07-10,0.1,0.11,0.09,0.09,0.09,0,10161600
2018-07-09,0.1,0.12,0.1,0.1,0.1,0,10569700
2018-07-08,0.1,0.11,0.1,0.1,0.1,0,7273630
2018-07-07,0.1,0.1,0.1,0.1,0.1,0,6271400
2018-07-06,0.11,0.11,0.09,0.1,0.1,0,11469900
2018-07-05,0.11,0.11,0.1,0.1,0.1,0,15785300
2018-07-04,0.15,0.15,0.11,0.11,0.11,0,58760600
2018-07-03,0.09,0.18,0.09,0.15,0.15,0,50260000
2018-07-02,0.09,0.09,0.09,0.09,0.09,0,5319610
2018-07-01,0.09,0.09,0.08,0.09,0.09,0,4109120
2018-06-30,0.08,0.09,0.08,0.09,0.09,0,4401630
2018-06-29,0.09,0.09,0.08,0.08,0.08,0,4427870
2018-06-28,0.09,0.09,0.08,0.09,0.09,0,4500820
2018-06-27,0.09,0.1,0.09,0.09,0.09,0,6017820
2018-06-26,0.1,0.1,0.09,0.09,0.09,0,5499440
2018-06-25,0.1,0.1,0.09,0.1,0.1,0,5767600
2018-06-24,0.09,0.1,0.09,0.1,0.1,0,7802340
2018-06-23,0.1,0.1,0.09,0.09,0.09,0,6029770
2018-06-22,0.1,0.1,0.09,0.1,0.1,0,8185760
2018-06-21,0.11,0.11,0.1,0.1,0.1,0,7017400
2018-06-20,0.1,0.11,0.1,0.11,0.11,0,6695440
2018-06-19,0.11,0.11,0.1,0.1,0.1,0,7899280
2018-06-18,0.11,0.12,0.1,0.11,0.11,0,9788150
2018-06-17,0.1,0.11,0.1,0.11,0.11,0,8769400
2018-06-16,0.1,0.1,0.1,0.1,0.1,0,5330020
2018-06-15,0.1,0.1,0.1,0.1,0.1,0,5611640
2018-06-14,0.1,0.1,0.09,0.1,0.1,0,7396080
2018-06-13,0.1,0.1,0.09,0.1,0.1,0,9090700
2018-06-12,0.1,0.1,0.09,0.1,0.1,0,7092850
2018-06-11,0.1,0.1,0.09,0.1,0.1,0,6388870
2018-06-10,0.1,0.1,0.09,0.1,0.1,0,9289030
2018-06-09,0.1,0.11,0.1,0.1,0.1,0,5930570
2018-06-08,0.11,0.11,0.1,0.1,0.1,0,5877030
2018-06-07,0.11,0.11,0.1,0.11,0.11,0,6443320
2018-06-06,0.1,0.11,0.1,0.11,0.11,0,6702560
2018-06-05,0.1,0.1,0.09,0.1,0.1,0,4280230
2018-06-04,0.11,0.11,0.1,0.1,0.1,0,3772270
2018-06-03,0.11,0.11,0.1,0.11,0.11,0,4291860
2018-06-02,0.1,0.11,0.1,0.11,0.11,0,4242640
2018-06-01,0.11,0.11,0.1,0.1,0.1,0,4327400
2018-05-31,0.1,0.11,0.1,0.11,0.11,0,8595690
2018-05-30,0.09,0.1,0.09,0.1,0.1,0,5394960
2018-05-29,0.09,0.09,0.08,0.09,0.09,0,4213890
2018-05-28,0.09,0.09,0.08,0.08,0.08,0,3863270
2018-05-27,0.09,0.1,0.09,0.09,0.09,0,3718210
2018-05-26,0.1,0.1,0.09,0.09,0.09,0,2513830
2018-05-25,0.1,0.1,0.09,0.09,0.09,0,2740260
2018-05-24,0.1,0.1,0.09,0.1,0.1,0,4284650
2018-05-23,0.11,0.11,0.09,0.1,0.1,0,4538960
2018-05-22,0.12,0.12,0.11,0.11,0.11,0,4603700
2018-05-21,0.12,0.13,0.12,0.12,0.12,0,4661280
2018-05-20,0.12,0.13,0.12,0.13,0.13,0,5063700
2018-05-19,0.12,0.13,0.12,0.12,0.12,0,4856270
2018-05-18,0.11,0.12,0.11,0.12,0.12,0,5108800
2018-05-17,0.12,0.13,0.11,0.11,0.11,0,4310840
2018-05-16,0.13,0.13,0.12,0.12,0.12,0,5048380
2018-05-15,0.14,0.14,0.13,0.13,0.13,0,6592700
2018-05-14,0.14,0.15,0.13,0.14,0.14,0,11201000
2018-05-13,0.12,0.14,0.12,0.14,0.14,0,8215620
2018-05-12,0.12,0.13,0.11,0.12,0.12,0,7055220
2018-05-11,0.14,0.14,0.12,0.12,0.12,0,7697230
2018-05-10,0.15,0.15,0.14,0.14,0.14,0,8150800
2018-05-09,0.15,0.15,0.14,0.15,0.15,0,9048900
2018-05-08,0.16,0.17,0.15,0.15,0.15,0,10085400
2018-05-07,0.16,0.16,0.14,0.16,0.16,0,8529560
2018-05-06,0.17,0.18,0.15,0.16,0.16,0,9216650
2018-05-05,0.18,0.18,0.17,0.17,0.17,0,11171500
2018-05-04,0.19,0.19,0.17,0.18,0.18,0,13268900
2018-05-03,0.18,0.2,0.17,0.19,0.19,0,25436000
2018-05-02,0.19,0.19,0.17,0.18,0.18,0,20626300
2018-05-01,0.16,0.19,0.16,0.19,0.19,0,58183500
2018-04-30,0.15,0.17,0.15,0.15,0.15,0,25219900
2018-04-29,0.15,0.16,0.14,0.15,0.15,0,17706400
2018-04-28,0.13,0.16,0.13,0.15,0.15,0,15683500
2018-04-27,0.14,0.15,0.13,0.13,0.13,0,11970000
2018-04-26,0.13,0.15,0.12,0.14,0.14,0,23506400
2018-04-25,0.15,0.15,0.12,0.13,0.13,0,13098900
2018-04-24,0.15,0.15,0.14,0.15,0.15,0,21537200
2018-04-23,0.16,0.16,0.14,0.15,0.15,0,46598900
2018-04-22,0.12,0.23,0.11,0.17,0.17,0,93379800
2018-04-21,0.12,0.12,0.1,0.12,0.12,0,10771700
2018-04-20,0.11,0.12,0.11,0.12,0.12,0,11647700
2018-04-19,0.11,0.11,0.1,0.11,0.11,0,9226750
2018-04-18,0.1,0.11,0.1,0.11,0.11,0,6367550
2018-04-17,0.1,0.11,0.09,0.1,0.1,0,7485850
2018-04-16,0.1,0.1,0.09,0.1,0.1,0,6509920
2018-04-15,0.1,0.1,0.1,0.1,0.1,0,6766490
2018-04-14,0.09,0.1,0.09,0.1,0.1,0,8415240
2018-04-13,0.09,0.09,0.08,0.09,0.09,0,6410390
2018-04-12,0.08,0.09,0.07,0.09,0.09,0,8385160
2018-04-11,0.08,0.08,0.07,0.08,0.08,0,6014900
2018-04-10,0.07,0.08,0.07,0.08,0.08,0,13934700
2018-04-09,0.07,0.08,0.07,0.07,0.07,0,7672360
2018-04-08,0.07,0.07,0.07,0.07,0.07,0,5788420
2018-04-07,0.07,0.07,0.07,0.07,0.07,0,5591800
2018-04-06,0.07,0.07,0.07,0.07,0.07,0,4672670
2018-04-05,0.07,0.07,0.06,0.07,0.07,0,7908810
2018-04-04,0.08,0.08,0.07,0.07,0.07,0,5726610
2018-04-03,0.07,0.08,0.07,0.08,0.08,0,6146810
2018-04-02,0.07,0.07,0.06,0.07,0.07,0,5714410
2018-04-01,0.07,0.07,0.06,0.07,0.07,0,5820820
2018-03-31,0.07,0.07,0.07,0.07,0.07,0,6522050
2018-03-30,0.07,0.07,0.06,0.07,0.07,0,5916490
2018-03-29,0.08,0.08,0.07,0.07,0.07,0,5186320
2018-03-28,0.08,0.08,0.08,0.08,0.08,0,6005040
2018-03-27,0.09,0.09,0.08,0.08,0.08,0,6150130
2018-03-26,0.09,0.1,0.08,0.09,0.09,0,7044700
2018-03-25,0.09,0.1,0.09,0.09,0.09,0,7083510
2018-03-24,0.09,0.1,0.09,0.09,0.09,0,5470470
2018-03-23,0.09,0.09,0.08,0.09,0.09,0,7235470
2018-03-22,0.09,0.1,0.08,0.09,0.09,0,6661260
2018-03-21,0.09,0.1,0.09,0.09,0.09,0,7502150
2018-03-20,0.09,0.09,0.08,0.09,0.09,0,8272220
2018-03-19,0.08,0.09,0.08,0.09,0.09,0,8697500
2018-03-18,0.08,0.08,0.07,0.08,0.08,0,8047540
2018-03-17,0.1,0.1,0.08,0.08,0.08,0,9816920
2018-03-16,0.09,0.11,0.08,0.1,0.1,0,17438500
2018-03-15,0.08,0.09,0.07,0.09,0.09,0,8350980
2018-03-14,0.09,0.1,0.08,0.08,0.08,0,8148710
2018-03-13,0.09,0.1,0.09,0.09,0.09,0,10333900
2018-03-12,0.09,0.09,0.08,0.09,0.09,0,15964400
2018-03-11,0.08,0.09,0.08,0.08,0.08,0,5320720
2018-03-10,0.08,0.09,0.08,0.08,0.08,0,5657790
2018-03-09,0.08,0.09,0.07,0.08,0.08,0,7080230
2018-03-08,0.09,0.09,0.08,0.08,0.08,0,5477330
2018-03-07,0.1,0.11,0.09,0.09,0.09,0,7111890
2018-03-06,0.11,0.11,0.1,0.1,0.1,0,6511880
2018-03-05,0.11,0.12,0.11,0.11,0.11,0,7013200
2018-03-04,0.11,0.11,0.11,0.11,0.11,0,7524850
2018-03-03,0.11,0.12,0.11,0.11,0.11,0,7842230
2018-03-02,0.12,0.12,0.11,0.11,0.11,0,8473200
2018-03-01,0.1,0.12,0.1,0.12,0.12,0,8782940
2018-02-28,0.11,0.12,0.11,0.11,0.11,0,6513810
2018-02-27,0.11,0.12,0.11,0.11,0.11,0,6100990
2018-02-26,0.11,0.11,0.1,0.11,0.11,0,6580410
2018-02-25,0.11,0.11,0.1,0.11,0.11,0,6746620
2018-02-24,0.11,0.12,0.1,0.11,0.11,0,7205230
2018-02-23,0.11,0.11,0.1,0.11,0.11,0,8803920
2018-02-22,0.11,0.12,0.1,0.11,0.11,0,11087300
2018-02-21,0.11,0.12,0.11,0.11,0.11,0,10233500
2018-02-20,0.13,0.13,0.11,0.11,0.11,0,10312800
2018-02-19,0.13,0.14,0.13,0.13,0.13,0,8009790
2018-02-18,0.14,0.14,0.12,0.13,0.13,0,9760520
2018-02-17,0.13,0.14,0.13,0.14,0.14,0,9860060
2018-02-16,0.14,0.14,0.13,0.13,0.13,0,10621100
2018-02-15,0.12,0.14,0.12,0.14,0.14,0,16931100
2018-02-14,0.11,0.12,0.11,0.12,0.12,0,9623440
2018-02-13,0.12,0.13,0.11,0.11,0.11,0,8332520
2018-02-12,0.12,0.13,0.12,0.12,0.12,0,10107000
2018-02-11,0.11,0.13,0.1,0.12,0.12,0,17143500
2018-02-10,0.12,0.12,0.11,0.11,0.11,0,10992300
2018-02-09,0.11,0.12,0.1,0.12,0.12,0,19944600
2018-02-08,0.09,0.11,0.09,0.11,0.11,0,17252700
2018-02-07,0.09,0.11,0.08,0.1,0.1,0,22096000
2018-02-06,0.07,0.09,0.06,0.09,0.09,0,14339500
2018-02-05,0.09,0.1,0.07,0.07,0.07,0,13184000
2018-02-04,0.11,0.11,0.09,0.1,0.1,0,18344500
2018-02-03,0.1,0.11,0.09,0.11,0.11,0,12929700
2018-02-02,0.1,0.1,0.07,0.09,0.09,0,11616900
2018-02-01,0.13,0.13,0.09,0.1,0.1,0,16614000
2018-01-31,0.11,0.13,0.11,0.13,0.13,0,21310900
2018-01-30,0.13,0.14,0.11,0.11,0.11,0,15256100
2018-01-29,0.14,0.14,0.13,0.13,0.13,0,35288800
2018-01-28,0.14,0.15,0.14,0.14,0.14,0,32850500
2018-01-27,0.14,0.14,0.13,0.14,0.14,0,25035300
2018-01-26,0.14,0.15,0.13,0.14,0.14,0,28089100
2018-01-25,0.14,0.15,0.14,0.14,0.14,0,48811500
2018-01-24,0.15,0.16,0.14,0.14,0.14,0,30234500
2018-01-23,0.12,0.16,0.12,0.15,0.15,0,57808000
2018-01-22,0.12,0.15,0.11,0.12,0.12,0,40584500
2018-01-21,0.15,0.15,0.12,0.12,0.12,0,31975800
2018-01-20,0.14,0.15,0.14,0.15,0.15,0,36470100
2018-01-19,0.13,0.15,0.12,0.14,0.14,0,35770200
2018-01-18,0.14,0.15,0.12,0.13,0.13,0,39776400
2018-01-17,0.1,0.15,0.09,0.14,0.14,0,58720900
2018-01-16,0.13,0.13,0.09,0.1,0.1,0,23446800
2018-01-15,0.15,0.15,0.13,0.13,0.13,0,30502000
2018-01-14,0.18,0.18,0.15,0.15,0.15,0,29454800
2018-01-13,0.18,0.19,0.18,0.18,0.18,0,34387200
2018-01-12,0.17,0.2,0.17,0.18,0.18,0,34260300
2018-01-11,0.21,0.21,0.16,0.17,0.17,0,43862500
2018-01-10,0.25,0.26,0.2,0.21,0.21,0,55184500
2018-01-09,0.23,0.29,0.23,0.25,0.25,0,106775000
2018-01-08,0.23,0.24,0.17,0.23,0.23,0,66688700
2018-01-07,0.18,0.26,0.18,0.23,0.23,0,97849904
2018-01-06,0.17,0.19,0.17,0.18,0.18,0,52641200
2018-01-05,0.2,0.21,0.16,0.17,0.17,0,51203300
2018-01-04,0.16,0.21,0.14,0.2,0.2,0,67030700
2018-01-03,0.11,0.18,0.1,0.16,0.16,0,87955800
2018-01-02,0.1,0.11,0.1,0.11,0.11,0,38891400
2018-01-01,0.1,0.11,0.09,0.1,0.1,0,26634900
2017-12-31,0.1,0.11,0.09,0.1,0.1,0,22450300
2017-12-30,0.09,0.1,0.08,0.1,0.1,0,31693900
2017-12-29,0.09,0.1,0.08,0.09,0.09,0,27314200
2017-12-28,0.08,0.09,0.08,0.09,0.09,0,25564800
2017-12-27,0.09,0.09,0.08,0.08,0.08,0,22112000
2017-12-26,0.09,0.1,0.08,0.09,0.09,0,22235900
2017-12-25,0.09,0.09,0.09,0.09,0.09,0,23472400
2017-12-24,0.09,0.09,0.08,0.09,0.09,0,15225600
2017-12-23,0.09,0.1,0.08,0.09,0.09,0,13654300
2017-12-22,0.11,0.11,0.07,0.09,0.09,0,13500100
2017-12-21,0.12,0.13,0.1,0.11,0.11,0,31402900
2017-12-20,0.11,0.13,0.09,0.12,0.12,0,39253200
2017-12-19,0.12,0.12,0.1,0.11,0.11,0,26908500
2017-12-18,0.11,0.12,0.1,0.12,0.12,0,35151500
2017-12-17,0.1,0.11,0.1,0.11,0.11,0,30798500
2017-12-16,0.11,0.12,0.1,0.1,0.1,0,44178300
2017-12-15,0.13,0.13,0.1,0.11,0.11,0,53640700
2017-12-14,0.12,0.15,0.1,0.13,0.13,0,98743504
2017-12-13,0.09,0.13,0.08,0.12,0.12,0,78835104
2017-12-12,0.07,0.09,0.07,0.08,0.08,0,43477900
2017-12-11,0.08,0.09,0.07,0.07,0.07,0,25718700
2017-12-10,0.05,0.09,0.05,0.08,0.08,0,64599000
2017-12-09,0.05,0.06,0.05,0.05,0.05,0,12736600
2017-12-08,0.06,0.06,0.04,0.05,0.05,0,30266500
2017-12-07,0.06,0.11,0.05,0.06,0.06,0,107251000
2017-12-06,0.02,0.09,0.02,0.06,0.06,0,63000500
2017-12-05,0.02,0.02,0.02,0.02,0.02,0,2583390
2017-12-04,0.02,0.02,0.02,0.02,0.02,0,824746
2017-12-03,0.02,0.02,0.02,0.02,0.02,0,898044
2017-12-02,0.02,0.02,0.02,0.02,0.02,0,640646
2017-12-01,0.02,0.02,0.01,0.02,0.02,0,555175
2017-11-30,0.02,0.02,0.01,0.02,0.02,0,674593
2017-11-29,0.02,0.02,0.01,0.02,0.02,0,965265
2017-11-28,0.02,0.02,0.02,0.02,0.02,0,1974130
2017-11-27,0.02,0.02,0.02,0.02,0.02,0,1352180
2017-11-26,0.02,0.02,0.02,0.02,0.02,0,523645
2017-11-25,0.02,0.02,0.02,0.02,0.02,0,818860
2017-11-24,0.01,0.02,0.01,0.02,0.02,0,3082120
2017-11-23,0.01,0.01,0.01,0.01,0.01,0,524765
2017-11-22,0.01,0.01,0.01,0.01,0.01,0,330170
2017-11-21,0.01,0.01,0.01,0.01,0.01,0,507625
2017-11-20,0.01,0.01,0.01,0.01,0.01,0,327270
2017-11-19,0.01,0.01,0.01,0.01,0.01,0,379424
2017-11-18,0.01,0.01,0.01,0.01,0.01,0,370149
2017-11-17,0.01,0.01,0.01,0.01,0.01,0,268762
2017-11-16,0.01,0.01,0.01,0.01,0.01,0,357512
2017-11-15,0.01,0.01,0.01,0.01,0.01,0,283268
2017-11-14,0.01,0.01,0.01,0.01,0.01,0,244821
2017-11-13,0.01,0.01,0.01,0.01,0.01,0,225836
2017-11-12,0.01,0.01,0.01,0.01,0.01,0,242761
2017-11-11,0.01,0.01,0.01,0.01,0.01,0,237865
2017-11-10,0.02,0.02,0.01,0.01,0.01,0,296429
2017-11-09,0.01,0.02,0.01,0.02,0.02,0,653800
2017-11-08,0.01,0.02,0.01,0.01,0.01,0,1440510
2017-11-07,0.01,0.01,0.01,0.01,0.01,0,398100
2017-11-06,0.01,0.01,0.01,0.01,0.01,0,563483
2017-11-05,0.01,0.01,0.01,0.01,0.01,0,552450
2017-11-04,0.01,0.01,0.01,0.01,0.01,0,396268
2017-11-03,0.01,0.01,0.01,0.01,0.01,0,503432
2017-11-02,0.01,0.01,0.01,0.01,0.01,0,402388
2017-11-01,0.01,0.01,0.01,0.01,0.01,0,527477
2017-10-31,0.01,0.01,0.01,0.01,0.01,0,355861
2017-10-30,0.01,0.01,0.01,0.01,0.01,0,351934
2017-10-29,0.01,0.01,0.01,0.01,0.01,0,374193
2017-10-28,0.01,0.01,0.01,0.01,0.01,0,317638
2017-10-27,0.01,0.01,0.01,0.01,0.01,0,321159
2017-10-26,0.01,0.01,0.01,0.01,0.01,0,458604
2017-10-25,0.01,0.01,0.01,0.01,0.01,0,769050
2017-10-24,0.01,0.01,0.01,0.01,0.01,0,1172290
2017-10-23,0.01,0.01,0.01,0.01,0.01,0,532807
2017-10-22,0.01,0.01,0.01,0.01,0.01,0,513460
2017-10-21,0.01,0.01,0.01,0.01,0.01,0,606592
2017-10-20,0.01,0.01,0.01,0.01,0.01,0,847098
2017-10-19,0.01,0.01,0.01,0.01,0.01,0,1080690
2017-10-18,0.01,0.01,0.01,0.01,0.01,0,557323
2017-10-17,0.01,0.01,0.01,0.01,0.01,0,925906
2017-10-16,0.01,0.02,0.01,0.01,0.01,0,1971230
2017-10-15,0.02,0.02,0.01,0.01,0.01,0,3427730
2017-10-14,0.02,0.03,0.02,0.02,0.02,0,17462400
2017-10-13,0.01,0.02,0.01,0.02,0.02,0,469195
2017-10-12,0.01,0.02,0.01,0.01,0.01,0,290955
2017-10-11,0.01,0.01,0.01,0.01,0.01,0,225843
2017-10-10,0.01,0.01,0.01,0.01,0.01,0,233675
