MARKET,INSTRUMENT,CLOSE,VARIATION,BMV VALUE,BIVA VALUE,BMV VWAP,BIVA VWAP,BMV TRADES,BIVA TRADES,BMV MSG RATIO,BIVA MSG RATIO
LOCAL,POCHTEC B,6.18,8.42,276672.75,43.20,5.76,6.17,143,4,2,4
LOCAL,HERDEZ *,56.47,3.05,3110085.00,138834.18,55.91,56.19,946,134,53,154
LOCAL,BAFAR B,107,2.88,135933.60,0,105.13,0,12,0,3,1
LOCAL,BAFAR B,107,2.88,0,31061.47,0,104.58,0,23,3,1
LOCAL,ALSEA *,46.11,2.74,87051650.01,11020660.03,45.95,45.95,14418,1594,5,14
GLOBAL,AMC *,59.02,13.24,1094943.45,8433520.19,58.92,58.69,130,195,192,25
GLOBAL,JDST *,445,11.25,427202.15,859.12,445.00,429.56,60,2,542,93
GLOBAL,TAL N,205,10.81,15194.00,0,205.32,0,3,0,4,0
GLOBAL,BAYN N,1006,10.29,154924.00,0,1006.00,0,2,0,2,0
GLOBAL,VSXY *,1600,10.04,1093660.00,2907.52,1582.72,1453.76,13,2,487,232
LOCAL,TEAK CPO,0.138,-4.83,7513.00,6133.93,0.14,0.14,249,46,2,1
LOCAL,MFRISCO A-1,18.98,-4.67,495892.06,510098.45,19.17,19.29,391,239,3,3
LOCAL,CULTIBA B,10.01,-4.48,52961.18,1447.89,10.06,10.27,68,7,2,4
LOCAL,VASCONI *,0.244,-3.17,24108.24,12349.89,0.25,0.25,209,85,2,1
LOCAL,CONVER A,2.85,-3.06,890.33,2.90,2.89,2.90,13,1,3,12
GLOBAL,SUPV N,125,-38.88,1000.00,0,125.00,0,1,0,5,0
GLOBAL,INGR *,1720,-26.65,86000.00,0,1720.00,0,1,0,4,0
GLOBAL,MDB *,6047.2,-17.84,11140453.04,1346070.08,6064.48,6036.19,58,21,756,107
GLOBAL,BX *,2045,-15.50,47080.00,2050.00,2046.96,2050.00,4,1,1324,797
GLOBAL,KGC N,432,-13.60,151200.00,2618.85,432.00,436.48,1,3,6507,155
