MARKET,INSTRUMENT,CLOSE,BMV VALUE,BIVA VALUE,BMV VOLUME,BIVA VOLUME,BMV TRADES,BIVA TRADES,BMV MSG RATIO,BIVA MSG RATIO
LOCAL,GMEXICO B,242.48,1240593167.25,274781664.74,5152445,1139550,19602,7816,8,11
LOCAL,GFNORTE O,189.95,1291075360.04,199015261.57,6812984,1050617,16644,4754,7,10
LOCAL,WALMEX *,47.26,950722478.39,88553993.38,20143540,1875579,17612,7860,4,4
LOCAL,AMX B,19.67,781134344.42,131254833.01,39573494,20844,20844,9663,6,7
LOCAL,FEMSA UBD,219.19,493872477.18,127714385.69,2255647,583679,10644,3730,11,17
GLOBAL,IDTXX N,5937.70,948110948.51,12361315.20,159709,2080,3,1,191,572
GLOBAL,SHV *,2029.77,248832859.51,466127447.79,122589,231170,94,57,1111,1079
GLOBAL,SPY *,14349.18,516171429.54,7474929.67,36097,521,55,29,434,396
GLOBAL,CSPXX N,1933.80,100789992.02,394664071.66,52478,205067,20,17,747,875
GLOBAL,ZPRMX N,3376.75,320021795.00,0,94660,0,1,0,-,0
